<?xml version="1.0" encoding="utf-8"?>
<t24help xmlns:xsi="http://www.w3.org/2001/XMLSchema-instance">
    <header>
        <product>SC</product>
        <title>EXECUTE OPEN ORDERS</title>
        <table>SC.EXE.SEC.ORDERS</table>
    </header>
    <menu>
        <t>
            <field>BR.EXE.ADV.REF</field>
            <desc>
                <p>This field holds the delivery reference of incoming MT513</p>
                <p>     Validation Rules</p>
                <p/>
                <p>     Up to 35 Alpha numeric characters</p>
                <p>     System updated field</p>
                <p/>
            </desc>
        </t>
        <t>
            <field>BR.FEES.MISC</field>
            <desc>
                <p>This field can be used for the input of miscellaneous fees, which the Broker may decide to pass on to the "Bank".</p>
                <p>     Validation Rules</p>
                <p/>
                <p>     Input is optional.</p>
                <p>     Field length is 1-15 numeric characters with 0-9 decimal places</p>
                <p>     The number of decimal places is dependant on the number of decimal places stated on the CURRENCY file for the TRADE.CCY</p>
                <p>     The amount will be defaulted into the relevant field on SEC.TRADE, in the event of a partial execution the full amount entered will be defaulted.</p>
                <p/>
            </desc>
        </t>
        <t>
            <field>BR.FOREIGN.FEE</field>
            <desc>
                <p>Records the Foreign Fee amount charged by the broker on the trade.</p>
                <p>     Validation Rules</p>
                <p/>
                <p>     Input is optional.</p>
                <p>     Field length is 1-15 numeric characters with 0-9 decimal places</p>
                <p>     The number of decimal places is dependant on the number of decimal places stated on the CURRENCY file for the TRADE.CCY</p>
                <p>     The amount will be defaulted into the relevant field on SEC.TRADE, in the event of a partial execution the full amount entered will be defaulted.</p>
                <p/>
            </desc>
        </t>
        <t>
            <field>BR.RESERVED.01</field>
            <desc>
                <p>Standard T24 reserved field.</p>
            </desc>
        </t>
        <t>
            <field>BR.RESERVED.02</field>
            <desc>
                <p>Standard T24 reserved field.</p>
            </desc>
        </t>
        <t>
            <field>BR.RESERVED.03</field>
            <desc>
                <p>Standard T24 reserved field.</p>
            </desc>
        </t>
        <t>
            <field>BR.SEC.ACCT</field>
            <desc>
                <p>Standard T24 alphanumeric field.</p>
                <p>     Validation Rules</p>
                <p>     A maximum of 18 characters may be entered.</p>
                <p>     Must be the key to a valid entry on the SEC.ACC.MASTER file.</p>
            </desc>
        </t>
        <t>
            <field>BR.STAMP.TAX</field>
            <desc>
                <p>Records the Stamp Tax amount charged by the broker on the trade.</p>
                <p>     Validation Rules</p>
                <p/>
                <p>     Input is optional.</p>
                <p>     Field length is 1-15 numeric characters with 0-9 decimal places</p>
                <p>     The number of decimal places is dependant on the number of decimal places stated on the CURRENCY file for the TRADE.CCY</p>
                <p>     The amount will be defaulted into the relevant field on SEC.TRADE, in the event of a partial execution the full amount entered will be defaulted.</p>
            </desc>
        </t>
        <t>
            <field>BR.TR.AL.REF</field>
            <desc>
                <p>This field holds the delivery reference of outgoing MT514</p>
                <p>     Validation Rules</p>
                <p/>
                <p>     Up to 35 characters in length</p>
                <p>     system updated field</p>
            </desc>
        </t>
        <t>
            <field>BROKER.NO</field>
            <desc>
                <p>Standard T24 customer field.</p>
                <p>     Validation Rules</p>
                <p>     Mandatory input.</p>
                <p>     A maximum of 10 characters may be entered.</p>
                <p>     Must be the key to a valid entry on the CUSTOMER.SECURITY file.</p>
                <p>     Duplicate BROKER.NO is not allowed when TRADE.CREATION is set to 'BY.BROKER'</p>
                <p/>
            </desc>
        </t>
        <t>
            <field>ACCT.NARRATIVE</field>
            <desc>
                <p>Standard T24 alphanumeric field.</p>
                <p>     Validation Rules</p>
                <p>     A maximum of 35 characters may be entered.</p>
                <p>     This is a NOINPUT field.</p>
            </desc>
        </t>
        <t>
            <field>BROKER.TYPE</field>
            <desc>
                <p>Validation Rules</p>
                <p>     Mandatory input.</p>
                <p>     A maximum of 14 characters may be entered.</p>
                <p>     The following values are permitted:       BROKER      COUNTERPARTY      CLIENT      BANK-PORTFOLIO</p>
            </desc>
        </t>
        <t>
            <field>CALC.AVG.PRICE</field>
            <desc>
                <p>Flag controlling whether or not Average Price for customer's is to be calculated or not.</p>
                <p>     Gets defaulted from SC.STD.SEC.TRADE. Also the user can override it.</p>
                <p>     Validation Rules</p>
                <p/>
                <p>     Only input of 'YES' or 'NO' allowed.</p>
                <p>     Optional Input.</p>
            </desc>
        </t>
        <t>
            <field>CALC.CHRGS</field>
            <desc>
                <p>This field can be modified with the following results  YES - CU.COMMISSION, CU.COMM.TAX, CU.STAMP.TAX &amp; CU.EBV.FEES will be recalculated. If CASH.CHRGS is set to 'NET' then the nominal will be recalculated taking into account any values that are in fields CU.BRKR.COMM, CU.FOREIGN.FEE, CU.COMMISSION, CU.COMM.TAX, CU.STAMP.TAX &amp; CU.EBV.FEES, CU.FEES.MISC or CU.DISC.PCENT. NO - No charge/commissions will be recalculated, however, if CASH.CHRGS is set to 'NET' &amp; there are any values in CU.BRKR.COMM, CU.FOREIGN.FEE, CU.COMMISSION, CU.COMM.TAX, CU.STAMP.TAX &amp; CU.EBV.FEES, CU.FEES.MISC or CU.DISC.PCENT then the nominal will be recalculated.</p>
                <p>     Validation Rules</p>
                <p/>
                <p>     Mandatory if transaction is "cash"</p>
                <p>     YES or NO</p>
            </desc>
        </t>
        <t>
            <field>CANCEL.REMAIN.ORD</field>
            <desc>
                <p>Flag controlling whether the Text message displayed during partial execution to put the order to history should be displayed or not.  Gets defaulted from SC.STD.SEC.TRADE. Also the user can override it.</p>
                <p>     Validation Rules</p>
                <p/>
                <p>     Only input of 'YES' or 'NO' is allowed.</p>
                <p>     Optional Input.</p>
                <p/>
            </desc>
        </t>
        <t>
            <field>CASH.CHRGS</field>
            <desc>
                <p>This field determines whether the cash amount entered in CU.CASH.AMOUNT field is to include charges (NET) or have charges applied in addition (GROSS).</p>
                <p>     NET - The nominal will be calculated so that when the charges are added to the trade, the total value of the trade matches the CU.CASH.AMOUNT. GROSS - The nominal is calculated &amp; then the charges are added to the CU.CASH.AMOUNT.</p>
                <p>     Validation Rules</p>
                <p/>
                <p>     Mandatory Input if CU.CASH.AMOUNT field is used.</p>
                <p>     NET or GROSS</p>
            </desc>
        </t>
        <t>
            <field>CASH.ROUNDING</field>
            <desc>
                <p>Each time the 'NET' option is used the system always tries to match the cash amount exactly, however, sometimes this is not possible &amp; this field determines what to do with the transaction.</p>
                <p>     If set to 'UNDER/OVER' the system will calculate to the nearest trading unit under the cash amount for a purchase &amp; to the nearest trading unit over the cash amount for a sale. If set to 'EXACT' the system will then allow the user to use the ADJUST.COMM field to determine whether to adjust the commission down to make the total trade equal the cash amount.</p>
                <p>     Validation Rules</p>
                <p/>
                <p>     "MANDATORY" field if the CASH.CHRGS field is         set to 'NET' otherwise a 'NOINPUT'         field.</p>
                <p>     'UNDER/OVER' or 'EXACT'</p>
            </desc>
        </t>
        <t>
            <field>CHARGE.CALC.METHOD</field>
            <desc>
                <p>Determines how broker charges will be calculated. Can be BY.TRANCHE (default value if not set) or BY.BROKER. </p>
                <p> BY.TRANCHE will calculate charges for each execution, BY.BROKER will calculate charges by broker, these charges will then be allocated on a pro-rate basis for each execution.</p>
            </desc>
        </t>
        <t>
            <field>CL.COMMISSION</field>
            <desc>
                <p>Specifies the amount of Customer Commission charged for the trade when dealing takes place between clients.</p>
                <p>     Validation Rules</p>
                <p/>
                <p>     Input is optional.</p>
                <p>     Field length is 1-15 numeric characters with 0-9 decimal places</p>
                <p>     The number of decimal places is dependant on the number of decimal places stated on the CURRENCY file for the TRADE.CCY</p>
                <p>     The amount will be defaulted into the relevant field on SEC.TRADE, in the event of a partial execution the full amount entered will be defaulted.</p>
                <p/>
            </desc>
        </t>
        <t>
            <field>COM.TAX.BCUR</field>
            <desc>
                <p>This field is populated only when the transaction is for "cash".</p>
                <p>     Customer commissions in SC.EXE.SEC.ORDERS are defaulted from the CUSTOMER.CHARGE record for the customer using the SC.APPLICATION set of fields. It will use the set of fields linked to SC.TRADING if they are present and default to ALL otherwise. From there the system links to the SCTR.GROUP.CONDITION application and then onto the SCTR.CHARGE.PARAMETER application to get the actual FT.COMMISSION.TYPE record used. Some commissions have a tax code associated with them which is used to charge tax on the commission.</p>
                <p>     If Tax is raised on the customer commission then the amount of tax raised in the local currency of the system is recorded in this field.</p>
                <p>     Validation Rules</p>
                <p/>
                <p>     No input field automatically updated by the system.</p>
            </desc>
        </t>
        <t>
            <field>COM.TAX.CODE</field>
            <desc>
                <p>This field is populated only when the transaction is for "cash".</p>
                <p>     Customer commissions in SC.EXE.SEC.ORDERS are defaulted from the CUSTOMER.CHARGE record for the customer using the SC.APPLICATION set of fields. It will use the set of fields linked to SC.TRADING if they are present and default to ALL otherwise. From there the system links to the SCTR.GROUP.CONDITION application and then onto the SCTR.CHARGE.PARAMETER application to get the actual FT.COMMISSION.TYPE record used. Some commissions have a tax code associated with them which is used to charge tax on the commission.</p>
                <p>     If Tax is raised on the customer commission then the Tax Code used (from the TAX file) to calculate the tax on the commission is recorded in this field.</p>
                <p>     Validation Rules</p>
                <p/>
                <p>     No input field automatically updated by the system.</p>
            </desc>
        </t>
        <t>
            <field>ACT.DEAL.DESK</field>
            <desc>
                <p>System populated field, the dealer desk that executed the transaction.</p>
            </desc>
        </t>
        <t>
            <field>COM.TAX.XRTE</field>
            <desc>
                <p>This field is populated only when the transaction is for "cash".</p>
                <p>     Customer commissions in SC.EXE.SEC.ORDERS are defaulted from the CUSTOMER.CHARGE record for the customer using the SC.APPLICATION set of fields. It will use the set of fields linked to SC.TRADING if they are present and default to ALL otherwise. From there the system links to the SCTR.GROUP.CONDITION application and then onto the SCTR.CHARGE.PARAMETER application to get the actual FT.COMMISSION.TYPE record used. Some commissions have a tax code associated with them which is used to charge tax on the commission.</p>
                <p>     If Tax is raised on the customer commission then the amount is calculated in the local currency of the system and recorded in the COM.TAX.BCUR field. This field will contain the exchange rate used between the local currency of the system and the trade currency of the ORDER.BY.CUST, used in calculating the amount of tax in the Local currency.</p>
                <p>     Validation Rules</p>
                <p/>
                <p>     No input field automatically updated by the system.</p>
            </desc>
        </t>
        <t>
            <field>COMM.CODE</field>
            <desc>
                <p>This field is populated only when the transaction is for "cash".</p>
                <p>     Customer commissions in SC.EXE.SEC.ORDERS are defaulted from the CUSTOMER.CHARGE record for the customer using the SC.APPLICATION set of fields. It will use the set of fields linked to SC.TRADING if they are present and default to ALL otherwise. From there the system links to the SCTR.GROUP.CONDITION application and then onto the SCTR.CHARGE.PARAMETER application to get the actual FT.COMMISSION.TYPE record used.</p>
                <p>     When the customer commissions are worked out the FT.COMMISSION.TYPE code used is put in this field.</p>
                <p>     Validation Rules</p>
                <p/>
                <p>     No input field automatically updated by the system.</p>
            </desc>
        </t>
        <t>
            <field>COMM.PERCENT</field>
            <desc>
                <p>This field is populated only when the transaction is for "cash".</p>
                <p>     Customer commissions in SC.EXE.SEC.ORDERS are defaulted from the CUSTOMER.CHARGE record for the customer using the SC.APPLICATION set of fields. It will use the set of fields linked to SC.TRADING if they are present and default to ALL otherwise. From there the system links to the SCTR.GROUP.CONDITION application and then onto the SCTR.CHARGE.PARAMETER application to get the actual FT.COMMISSION.TYPE record used.</p>
                <p>     When the customer commission is calculated the percentage used to calculate the commission will be recorded in this field.</p>
                <p>     Validation Rules</p>
                <p/>
                <p>     No input field automatically updated by the system.</p>
            </desc>
        </t>
        <t>
            <field>CU.ACCOUNT.CCY</field>
            <desc>
                <p>Records the currency of the Customer's Account</p>
                <p>     Information purposes only.</p>
                <p>     Validation Rules</p>
                <p/>
                <p>     No input required</p>
            </desc>
        </t>
        <t>
            <field>CU.BRKR.COMM</field>
            <desc>
                <p>Specifies the amount of Broker Commission charged to the Customer for the trade.</p>
                <p>     Validation Rules</p>
                <p/>
                <p>     Input is optional. If there is an input on the relevant field on SEC.OPEN.ORDER, then that value will default here.</p>
                <p>     Field length is 1-15 numeric characters with 0-9 decimal places</p>
                <p>     The number of decimal places is dependant on the number of decimal places stated on the CURRENCY file for the TRADE.CCY</p>
                <p>     The amount will be defaulted into the relevant field on SEC.TRADE according to the following equation:</p>
                <p/>
                <p/>
                <p/>
                <p/>
                <p>     Amount = (Executed.Nom / Ordered.Nom) * CU.BRKR.COMM</p>
                <p/>
                <p>     Pro-rated Amount = Original Amount  Amount</p>
                <p>     Were:</p>
                <p/>
                <p/>
                <p>     Executed.Nom: is the nominal being executed (field 9.1 Cust.Nominal, new value)</p>
                <p>     Ordered.Nom: is the nominal ordered (field 9.1 Cust.Nominal, old value)</p>
                <p>     Amount: is the chargeable commission amount on the trade  defaulted on the relevant field on SEC.TRADE</p>
                <p>     Pro-rated Amount: Is the commission amount left after execution of the order  Overwrites current value</p>
            </desc>
        </t>
        <t>
            <field>CU.BROKER.NO</field>
            <desc>
                <p>Broker number for the associated customer.</p>
            </desc>
        </t>
        <t>
            <field>CU.CASH.AMOUNT</field>
            <desc>
                <p>This field contains the cash amount that is to be traded.</p>
                <p>     If the CASH.CHRGS field is set to 'GROSS' then the cash amount will be used to calculate the nominal &amp; any charges/commissions that apply will be added to this value, however, if the CASH.CHRGS field is set to 'NET' the cash amount will include all charges/commissions, adjusting the nominal to achieve this.</p>
                <p>     Validation Rules</p>
                <p/>
                <p>     Mandatory if ORDER.TYPE is "CASH"</p>
            </desc>
        </t>
        <t>
            <field>CU.COMM.TAX</field>
            <desc>
                <p>This is the tax amount based on the commision charged.</p>
                <p>     This field is automatically updated when the CU.COMMISSION field is populated.</p>
                <p>     Validation Rules</p>
                <p/>
                <p>     "NOINPUT" field</p>
            </desc>
        </t>
        <t>
            <field>CU.COMMISSION</field>
            <desc>
                <p>Specifies the amount of Broker Commission charged to the Customer for the trade.</p>
                <p>     Validation Rules</p>
                <p/>
                <p>     Input is optional. If there is an input on the relevant field on SEC.OPEN.ORDER, then that value will default here.</p>
                <p>     Field length is 1-15 numeric characters with 0-9 decimal places</p>
                <p>     The number of decimal places is dependant on the number of decimal places stated on the CURRENCY file for the TRADE.CCY</p>
                <p>     The amount will be defaulted into the relevant field on SEC.TRADE according to the following equation:</p>
                <p/>
                <p/>
                <p/>
                <p/>
                <p>     Amount = (Executed.Nom / Ordered.Nom) * CU.COMMISSION</p>
                <p/>
                <p>     Pro-rated Amount = Original Amount  Amount</p>
                <p>     Were:</p>
                <p/>
                <p/>
                <p>     Executed.Nom: is the nominal being executed (field 9.1 Cust.Nominal, new value)</p>
                <p>     Ordered.Nom: is the nominal ordered (field 9.1 Cust.Nominal, old value)</p>
                <p>     Amount: is the chargeable commission amount on the trade  defaulted on the relevant field on SEC.TRADE</p>
                <p>     Pro-rated Amount: Is the commission amount left after execution of the order  Overwrites current value</p>
            </desc>
        </t>
        <t>
            <field>CU.DEPOSITORY</field>
            <desc>
                <p>This field accepts any valid depository present in CUSTOMER.SECURITY application with  CUSTOMER.TYPE defined as DEPOSITORY.</p>
                <p>     Validation Rules</p>
                <p/>
                <p>     This field can accept a maximum of 10 numeric characters.</p>
                <p>     This is an NO INPUT, System updated field.</p>
                <p>     This field gets mapped from CU.DEPOSITORY field in SEC.OPEN.ORDER.</p>
            </desc>
        </t>
        <t>
            <field>ADJUST.COMM</field>
            <desc>
                <p>If the CASH.ROUNDING field is set to 'EXACT' then this field becomes active to determine whether to reduce the commission in order to make the total trade match the cash amount exactly.</p>
                <p>     If set to 'YES' and the value of the total trade does not match the cash amount, the system will check to see if there is enough commission to cover the difference between the two figures. If there is the system will reduce of commission (and tax on commission) to make the values match. If there is not enough commission to achieve this an error message will be displayed &amp; the user will have to choose another option if they require the trade to proceed. If set to 'NO' and the value of the total trade does not match the cash amount an error message will be displayed &amp; the user will have to choose another option if they require the trade to proceed.  Validation Rules</p>
                <p/>
                <p>     "MANDATORY" field if the CASH.ROUNDING field is         set to 'EXACT' otherwise a 'NOINPUT'         field.</p>
                <p>     'YES' or 'NO'</p>
            </desc>
        </t>
        <t>
            <field>CU.DISC.AMT</field>
            <desc>
                <p>This field is populated automatically when the transaction is "cash" &amp; is calculated using CU.DISC.PCENT</p>
                <p>     Validation Rules</p>
                <p/>
                <p>     "NOINPUT" field</p>
            </desc>
        </t>
        <t>
            <field>CU.DISC.PCENT</field>
            <desc>
                <p>Optional input field detailing the percentage customer discount in percentage terms. This discount will be defaulted from SEC.OPEN.ORDER if there is an input in the relevant field. It will feed through to the CU.DISC.PCENT field on the subsequent SEC.TRADE.</p>
                <p>     Validation Rules</p>
                <p/>
                <p>     Input is optional. If there is an input on the relevant field on SEC.OPEN.ORDER, then that value will default here.</p>
                <p/>
                <p>     Field length is 1-15 numeric characters with 0-9 decimal places</p>
                <p>     Input can be a percentage provided the percentage sign follows the numeric figure e.g. 13.25%. Input is allowed between 0 and 100</p>
            </desc>
        </t>
        <t>
            <field>CU.EBV.FEES</field>
            <desc>
                <p>Specifies the amount of Broker Commission charged to the Customer for the trade.</p>
                <p>     Validation Rules</p>
                <p/>
                <p>     Input is optional. If there is an input on the relevant field on SEC.OPEN.ORDER, then that value will default here.</p>
                <p>     Field length is 1-15 numeric characters with 0-9 decimal places</p>
                <p>     The number of decimal places is dependant on the number of decimal places stated on the CURRENCY file for the TRADE.CCY</p>
                <p>     The amount will be defaulted into the relevant field on SEC.TRADE according to the following equation:</p>
                <p/>
                <p/>
                <p/>
                <p/>
                <p>     Amount = (Executed.Nom / Ordered.Nom) * CU.EBV.FEES</p>
                <p/>
                <p>     Pro-rated Amount = Original Amount  Amount</p>
                <p>     Were:</p>
                <p/>
                <p/>
                <p>     Executed.Nom: is the nominal being executed (field 9.1 Cust.Nominal, new value)</p>
                <p>     Ordered.Nom: is the nominal ordered (field 9.1 Cust.Nominal, old value)</p>
                <p>     Amount: is the chargeable commission amount on the trade  defaulted on the relevant field on SEC.TRADE</p>
                <p>     Pro-rated Amount: Is the commission amount left after execution of the order  Overwrites current value</p>
            </desc>
        </t>
        <t>
            <field>CU.EX.RATE.ACC</field>
            <desc>
                <p>Fields CUSTOMER.NO to CU.EX.RATE.ACC form a related multi value set. Standard T24 rate field.</p>
                <p>     Validation Rules</p>
                <p>     A maximum of 16 characters may be entered.</p>
            </desc>
        </t>
        <t>
            <field>CU.FEES.MISC</field>
            <desc>
                <p>Specifies the amount of Broker Commission charged to the Customer for the trade.</p>
                <p>     Validation Rules</p>
                <p/>
                <p>     Input is optional. If there is an input on the relevant field on SEC.OPEN.ORDER, then that value will default here.</p>
                <p>     Field length is 1-15 numeric characters with 0-9 decimal places</p>
                <p>     The number of decimal places is dependant on the number of decimal places stated on the CURRENCY file for the TRADE.CCY</p>
                <p>     The amount will be defaulted into the relevant field on SEC.TRADE according to the following equation:</p>
                <p/>
                <p/>
                <p/>
                <p/>
                <p>     Amount = (Executed.Nom / Ordered.Nom) * CU.FEES.MISC</p>
                <p/>
                <p>     Pro-rated Amount = Original Amount  Amount</p>
                <p>     Were:</p>
                <p/>
                <p/>
                <p>     Executed.Nom: is the nominal being executed (field 9.1 Cust.Nominal, new value)</p>
                <p>     Ordered.Nom: is the nominal ordered (field 9.1 Cust.Nominal, old value)</p>
                <p>     Amount: is the chargeable commission amount on the trade  defaulted on the relevant field on SEC.TRADE</p>
                <p>     Pro-rated Amount: Is the commission amount left after execution of the order  Overwrites current value</p>
            </desc>
        </t>
        <t>
            <field>CU.FOREIGN.FEE</field>
            <desc>
                <p>Specifies the amount of Broker Commission charged to the Customer for the trade.</p>
                <p>     Validation Rules</p>
                <p/>
                <p>     Input is optional. If there is an input on the relevant field on SEC.OPEN.ORDER, then that value will default here.</p>
                <p>     Field length is 1-15 numeric characters with 0-9 decimal places</p>
                <p>     The number of decimal places is dependant on the number of decimal places stated on the CURRENCY file for the TRADE.CCY</p>
                <p>     The amount will be defaulted into the relevant field on SEC.TRADE according to the following equation:</p>
                <p/>
                <p/>
                <p/>
                <p/>
                <p>     Amount = (Executed.Nom / Ordered.Nom) * CU.FOREIGN.FEE</p>
                <p/>
                <p>     Pro-rated Amount = Original Amount  Amount</p>
                <p>     Were:</p>
                <p/>
                <p/>
                <p>     Executed.Nom: is the nominal being executed (field 9.1 Cust.Nominal, new value)</p>
                <p>     Ordered.Nom: is the nominal ordered (field 9.1 Cust.Nominal, old value)</p>
                <p>     Amount: is the chargeable commission amount on the trade  defaulted on the relevant field on SEC.TRADE</p>
                <p>     Pro-rated Amount: Is the commission amount left after execution of the order  Overwrites current value</p>
            </desc>
        </t>
        <t>
            <field>CU.INT.CTR</field>
            <desc>
                <p>Interest counter for the associated customer.</p>
            </desc>
        </t>
        <t>
            <field>CU.NOTES</field>
            <desc>
                <p>Free format field for carrying forward user specified information, if any. Authomatically carried forward from sec open order to trade, if input.</p>
                <p>     Validation Rules</p>
                <p/>
                <p/>
                <p>     1-35 Alphanumeric input (Optional Input)</p>
            </desc>
        </t>
        <t>
            <field>CU.STAMP.TAX</field>
            <desc>
                <p>Specifies the amount of Broker Commission charged to the Customer for the trade.</p>
                <p>     Validation Rules</p>
                <p/>
                <p>     Input is optional. If there is an input on the relevant field on SEC.OPEN.ORDER, then that value will default here.</p>
                <p>     Field length is 1-15 numeric characters with 0-9 decimal places</p>
                <p>     The number of decimal places is dependant on the number of decimal places stated on the CURRENCY file for the TRADE.CCY</p>
                <p>     The amount will be defaulted into the relevant field on SEC.TRADE according to the following equation:</p>
                <p/>
                <p/>
                <p/>
                <p/>
                <p>     Amount = (Executed.Nom / Ordered.Nom) * CU.STAMP.TAX</p>
                <p/>
                <p>     Pro-rated Amount = Original Amount  Amount</p>
                <p>     Were:</p>
                <p/>
                <p/>
                <p>     Executed.Nom: is the nominal being executed (field 9.1 Cust.Nominal, new value)</p>
                <p>     Ordered.Nom: is the nominal ordered (field 9.1 Cust.Nominal, old value)</p>
                <p>     Amount: is the chargeable commission amount on the trade  defaulted on the relevant field on SEC.TRADE</p>
                <p>     Pro-rated Amount: Is the commission amount left after execution of the order  Overwrites current value</p>
            </desc>
        </t>
        <t>
            <field>CU.WHT.PERC</field>
            <desc>
                <p>Multi-valued field detailing the percentage</p>
                <p>     Tax rate in percentage terms. This tax rate will be defaulted from the TAX record associated with</p>
                <p>     the customer / depository</p>
                <p>     .</p>
                <p/>
                <p/>
                <p/>
                <p/>
                <p>     Validation Rules</p>
                <p/>
                <p/>
                <p>     No input field</p>
            </desc>
        </t>
        <t>
            <field>AMT.TO.BROKER</field>
            <desc>
                <p>Fields ORDER.BROKER to EXE.BY.BROKER form a related multi value set. Standard T24 amount field.</p>
                <p>     Validation Rules</p>
                <p>     A maximum of 18 characters may be entered.</p>
                <p>     This is a NOINPUT field.</p>
            </desc>
        </t>
        <t>
            <field>CU.WHT.TAX</field>
            <desc>
                <p>Specifies the amount of Tax on the Securities up to the Value Date of the trade. The calculation is used for Tax payable on any Bond / Share on Sale.</p>
                <p/>
                <p/>
                <p>     The Tax rate to be applied is fetched from the field CU.WHT.PERC.</p>
                <p/>
                <p/>
                <p/>
                <p>     Validation Rules</p>
                <p/>
                <p/>
                <p>     1-18 numeric       characters (including up to 3 decimal places, dependant on currency).</p>
            </desc>
        </t>
        <t>
            <field>CUM.EX.IND</field>
            <desc>
                <p>Cum and Ex Indicators for the transaction</p>
                <p>     This field allows entry of Cum and Ex indicators relating to the Transaction. Where these apply, they will be mapped onto the relevant SWIFT message and are mandatory from a business point of view.</p>
                <p>     NB. These codes are validated against DE.TRANSLATION to ensure that they exist and are prefixed with 'SW' (i.e. SWIFT).</p>
                <p>     The list of valid codes must also be entered in the application SM.PARAMETER, key SYSTEM.</p>
                <p>     Values entered here will be carried forward to SEC.TRADE.</p>
                <p/>
                <p/>
                <p/>
                <p>     10 Type A (alphanumeric) characters.</p>
                <p/>
            </desc>
        </t>
        <t>
            <field>CUST.ACC.NO</field>
            <desc>
                <p>Defaults the Account for the Customer from SEC.OPEN.ORDER.</p>
                <p>     Validation Rules</p>
                <p/>
                <p>     Default value = the Account specified in SEC.OPEN.ORDER</p>
                <p>     Must be a valid Account for the Customer</p>
            </desc>
        </t>
        <t>
            <field>CUST.AVG.PRICE</field>
            <desc>
                <p>Average price, calculated from the broker details.</p>
            </desc>
        </t>
        <t>
            <field>CUST.NOMINAL</field>
            <desc>
                <p>Fields CUSTOMER.NO to CU.EX.RATE.ACC form a related multi value set. Standard T24 amount field.</p>
                <p>     Validation Rules</p>
                <p>     A maximum of 018 characters may be entered.</p>
            </desc>
        </t>
        <t>
            <field>CUST.PRICE</field>
            <desc>
                <p>Fields CUSTOMER.NO to CU.EX.RATE.ACC form a related multi value set. Standard T24 rate field.</p>
                <p>     Validation Rules</p>
                <p>     A maximum of 16 characters may be entered.</p>
            </desc>
        </t>
        <t>
            <field>CUSTOMER.NO</field>
            <desc>
                <p>Fields CUSTOMER.NO to CU.EX.RATE.ACC form a related multi value set. Standard T24 customer field.</p>
                <p>     Validation Rules</p>
                <p>     A maximum of 10 characters may be entered.</p>
                <p>     Must be the key to a valid entry on the CUSTOMER.SECURITY file.</p>
            </desc>
        </t>
        <t>
            <field>DEF.DEAL.DESK</field>
            <desc>
                <p>System populated field, the dealer desk allocated to the order.</p>
            </desc>
        </t>
        <t>
            <field>DEFAULT.CALC.CHG</field>
            <desc>
                <p>Field controlling the computation of commission/charges in SC.EXE.SEC.ORDERS. Charges are computed if this field is set to Yes and if the fields do not already have a value.</p>
                <p>     Validation Rules</p>
                <p/>
                <p>     YES/NO/Blank are the accepted values</p>
            </desc>
        </t>
        <t>
            <field>DELIVERY.INSTR</field>
            <desc>
                <p>Validation Rules</p>
                <p>     Mandatory input.</p>
                <p>     A maximum of 5 characters may be entered.</p>
                <p>     Must be the key to a valid entry on the SC.DEL.INSTR file.</p>
            </desc>
        </t>
        <t>
            <field>BR.ACC.NO</field>
            <desc>
                <p>Identifies the Account over which financial entries relating to the Broker for the trade, are to be passed.</p>
                <p>     Validation Rules</p>
                <p>     Must be the Id of a valid Account.</p>
            </desc>
        </t>
        <t>
            <field>DEPOSITORY</field>
            <desc>
                <p>Standard T24 customer field.</p>
                <p>     Validation Rules</p>
                <p>     A maximum of 10 characters may be entered.</p>
                <p>     Must be the key to a valid entry on the CUSTOMER.SECURITY file.</p>
            </desc>
        </t>
        <t>
            <field>EXE.BY.BROKER</field>
            <desc>
                <p>Fields ORDER.BROKER to EXE.BY.BROKER form a related multi value set. Standard T24 amount field.</p>
                <p>     Validation Rules</p>
                <p>     A maximum of 18 characters may be entered.</p>
                <p>     This is a NOINPUT field.</p>
            </desc>
        </t>
        <t>
            <field>INT.CTR</field>
            <desc>
                <p>Interest counter for this execution, applicable for shares only.</p>
            </desc>
        </t>
        <t>
            <field>KEY</field>
            <desc>
                <p>Validation Rules</p>
                <p>     Mandatory input.</p>
                <p>     A maximum of 17 characters may be entered.</p>
            </desc>
        </t>
        <t>
            <field>MARKET.TYPE</field>
            <desc>
                <p>Validation Rules</p>
                <p>     A maximum of 2 characters may be entered.</p>
                <p>     The following values are permitted:       S      N      F</p>
            </desc>
        </t>
        <t>
            <field>NARRATIVE</field>
            <desc>
                <p>This is a multi valued field. Standard T24 alphanumeric field.</p>
                <p>     Validation Rules</p>
                <p>     A maximum of 40 characters may be entered.</p>
            </desc>
        </t>
        <t>
            <field>NOMINAL.BALANCE</field>
            <desc>
                <p>Standard T24 amount field.</p>
                <p>     Validation Rules</p>
                <p>     Mandatory input.</p>
                <p>     A maximum of 18 characters may be entered.</p>
                <p>     This is a NOINPUT field.</p>
            </desc>
        </t>
        <t>
            <field>NOMINAL.RECD</field>
            <desc>
                <p>Standard T24 amount field.</p>
                <p>     Validation Rules</p>
                <p>     A maximum of 18 characters may be entered.</p>
            </desc>
        </t>
        <t>
            <field>ODD.LOT.ORDER</field>
            <desc>
                <p>Field specifying whether the order being executed is an odd lot order and is allowed to be specified only for ODD LOT SECURITY as defined in SECURITY.MASTER. If the order is an odd lots order then the order will be validated against the odd lots fields on the SECURITY.MASTER record to ensure the order is valid.</p>
                <p>     Validation Rules</p>
                <p/>
                <p>     Valid Input - Yes/No</p>
            </desc>
        </t>
        <t>
            <field>ORDER.BROKER</field>
            <desc>
                <p>Fields ORDER.BROKER to EXE.BY.BROKER form a related multi value set. Standard T24 customer field.</p>
                <p>     Validation Rules</p>
                <p>     A maximum of 10 characters may be entered.</p>
                <p>     This is a NOINPUT field.</p>
                <p>     Must be the key to a valid entry on the CUSTOMER.SECURITY file.</p>
            </desc>
        </t>
        <t>
            <field>BR.ACCOUNT.CCY</field>
            <desc>
                <p>Records the currency of the Broker Account</p>
                <p>     Validation Rules</p>
                <p/>
                <p>     No input required. Automatic Default</p>
            </desc>
        </t>
        <t>
            <field>ORDER.NUMBER</field>
            <desc>
                <p>Validation Rules</p>
                <p>     A maximum of 17 characters may be entered.</p>
                <p>     This is a NOINPUT field.</p>
            </desc>
        </t>
        <t>
            <field>ORDER.STATUS</field>
            <desc>
                <p>Validation Rules</p>
                <p>     A maximum of 15 characters may be entered.</p>
                <p>     The following values are permitted:       ACCEPTED      REJECTED      TRANSMITTED</p>
            </desc>
        </t>
        <t>
            <field>ORDER.TYPE</field>
            <desc>
                <p>Validation Rules</p>
                <p>     A maximum of 17 characters may be entered.</p>
                <p>     This is a NOINPUT field.</p>
            </desc>
        </t>
        <t>
            <field>OVERRIDE</field>
            <desc>
                <p>This is a multi valued field. Standard T24 numeric field.</p>
                <p>     Validation Rules</p>
                <p>     A maximum of 35 characters may be entered.</p>
                <p>     This is a NOINPUT field.</p>
            </desc>
        </t>
        <t>
            <field>PRICE</field>
            <desc>
                <p>Validation Rules</p>
                <p>     Mandatory input.</p>
                <p>     A maximum of 18 characters may be entered.</p>
            </desc>
        </t>
        <t>
            <field>PRICE.SPREAD</field>
            <desc>
                <p>Percentage of customer spread which would be applied over the broker price. It is the spread between the broker price and customer price and would be applied only for internal brokers in a scenario when portfolio is shared across companies.</p>
                <p>     Validation Rules</p>
                <p/>
                <p/>
            </desc>
        </t>
        <t>
            <field>PRO.BR.CHGS</field>
            <desc>
                <p>Flag controlling whether Broker Charges and Commission is to be Prorated across customer's  or not.  Gets defaulted from SC.STD.SEC.TRADE. Also the user can override it.</p>
                <p>     Validation Rules</p>
                <p/>
                <p>     Only input of 'YES' or 'NO' is allowed.</p>
                <p>     Input of 'YES' is not allowed when TRADE.CREATION is BY.BROKER'</p>
                <p/>
                <p>     Optional Field.</p>
            </desc>
        </t>
        <t>
            <field>PRORATA.NOM</field>
            <desc>
                <p>Yes/No field defaulted from PRORATA.NOM field in SC.STD.SEC.TRADE. If set to "YES" the nominals of each broker would be prorated to all the customers based on outstanding order nominals. Rounding differences if any would be adjusted against the first customer to the extent possible and further to the second customer and so on</p>
                <p>     Validation Rules</p>
                <p/>
                <p>     Only input of 'YES' or 'NO' is allowed.</p>
                <p>     Optional Input.</p>
            </desc>
        </t>
        <t>
            <field>ROUT.COMPANY</field>
            <desc>
                <p>Routing company, i.e. the company through which the trade should be executed.</p>
            </desc>
        </t>
        <t>
            <field>ROUT.SEC.ACC</field>
            <desc>
                <p>Field identifying the cross trading (internal) portfolio to be used in a multi company order/execution scenario when portfolio is shared across companies. If this portfolio is specified, there would be two trades : One between the cross trading portfolio and street side broker and the other between the cross trading portfolio and actual customers.</p>
                <p>     Validation Rules</p>
                <p/>
                <p>     Must be a valid dealer book portfolio</p>
            </desc>
        </t>
        <t>
            <field>BR.BROKER.COMM</field>
            <desc>
                <p>Specifies the amount of Broker Commission charged by the Broker for the trade.</p>
                <p>     Validation Rules</p>
                <p/>
                <p>     Input is optional.</p>
                <p>     Field length is 1-15 numeric characters with 0-9 decimal places</p>
                <p>     The number of decimal places is dependant on the number of decimal places stated on the CURRENCY file for the TRADE.CCY</p>
                <p>     The amount will be defaulted into the relevant field on SEC.TRADE, in the event of a partial execution the full amount entered will be defaulted.</p>
            </desc>
        </t>
        <t>
            <field>SEC.TRADE.ID</field>
            <desc>
                <p>This field holds SEC.TRADE transaction reference's associated with each customer.</p>
                <p>     Validation Rules</p>
                <p/>
                <p>     Accepts a maximum of 16 alpha-numeric characters.</p>
                <p>     This is a NOINPUT field.</p>
            </desc>
        </t>
        <t>
            <field>SECURITY.ACCT</field>
            <desc>
                <p>Fields CUSTOMER.NO to CU.EX.RATE.ACC form a related multi value set. Standard T24 alphanumeric field.</p>
                <p>     Validation Rules</p>
                <p>     A maximum of 18 characters may be entered.</p>
                <p>     Must be the key to a valid entry on the SEC.ACC.MASTER file.</p>
            </desc>
        </t>
        <t>
            <field>SECURITY.NO</field>
            <desc>
                <p>Validation Rules</p>
                <p>     Mandatory input.</p>
                <p>     A maximum of 12 characters may be entered.</p>
                <p>     This is a NOINPUT field.</p>
                <p>     Must be the key to a valid entry on the SECURITY.MASTER file.</p>
            </desc>
        </t>
        <t>
            <field>SEGMENT</field>
            <desc>
                <p>System populated field, identifies the segment allocated to the transaction.</p>
            </desc>
        </t>
        <t>
            <field>SETT.NARRATIVE</field>
            <desc>
                <p>This is a multi valued field. Standard T24 alphanumeric field.</p>
                <p>     Validation Rules</p>
                <p>     A maximum of 40 characters may be entered.</p>
            </desc>
        </t>
        <t>
            <field>SPLIT.CHRGS</field>
            <desc>
                <p>This field is only populated if the SC.EXE.SEC.ORDERS record was created from the SEC.OPEN.ORDER record which in turn was created by the ORDER.BY.CUST application &amp; the transaction was a 'SWITCH' with a value in the SPLIT.CHRGS field.</p>
                <p>     NULL - If this field is blank then any commission calculated will be charged on both the purchase &amp; the sale at the full rate. XX% - The percentage of the charges to be applied to the trade .</p>
                <p>     Validation Rules</p>
                <p/>
                <p>     NULL, or percentage between 0% &amp; 100%</p>
            </desc>
        </t>
        <t>
            <field>STOCK.EXCHANGE</field>
            <desc>
                <p>Validation Rules</p>
                <p>     A maximum of 5 characters may be entered.</p>
                <p>     Must be the key to a valid entry on the STOCK.EXCHANGE file.</p>
            </desc>
        </t>
        <t>
            <field>SUB.ACCOUNT</field>
            <desc>
                <p>This field accepts a valid Sub Account for the Custodian Depository. This field is defaulted from SUB.ACCOUNT field in SEC.OPEN.ORDER.</p>
                <p>     Validation Rules</p>
                <p/>
                <p>     Accepts a maximum of 16 numeric characters.</p>
                <p>     This must be a valid Sub Account number defined in CUSTOMER.SECURITY application.</p>
                <p>     It is a NO INPUT, System updated field.</p>
                <p/>
            </desc>
        </t>
        <t>
            <field>TRADE.CCY</field>
            <desc>
                <p>Standard T24 currency field.</p>
                <p>     Validation Rules</p>
                <p>     A maximum of 3 characters may be entered.</p>
                <p>     This is a NOINPUT field.</p>
                <p>     Must be the key to a valid entry on the CURRENCY file.</p>
            </desc>
        </t>
        <t>
            <field>TRADE.CREATION</field>
            <desc>
                <p>This field controls the SEC.TRADE creation from SC.EXE.SEC.ORDERS.</p>
                <p>     Example:</p>
                <p>     If Trade Creation is 'BY.PORTFOLIO' then SEC.TRADE's will be created for each Portfolio.</p>
                <p/>
                <p>     To accept an option PARENT.CHILD. This will trigger generation of parent and child trades on execution of individual order. This field cannot be entered if order is already a parent child order</p>
                <p/>
                <p>     Validation Rules</p>
                <p/>
                <p>     Valid options are 'BY.CUST', 'BY.DEPO', 'BY.BROKER', 'BY.PORTFOLIO','PARENT.CHILD'.</p>
                <p>     Optional Input. </p>
            </desc>
        </t>
        <t>
            <field>BR.EBV.FEES</field>
            <desc>
                <p>Records the amount of EBV Fees charged by the broker on the trade.</p>
                <p>     Validation Rules</p>
                <p/>
                <p>     Input is optional.</p>
                <p>     Field length is 1-15 numeric characters with 0-9 decimal places</p>
                <p>     The number of decimal places is dependant on the number of decimal places stated on the CURRENCY file for the TRADE.CCY</p>
                <p>     The amount will be defaulted into the relevant field on SEC.TRADE, in the event of a partial execution the full amount entered will be defaulted.</p>
                <p/>
            </desc>
        </t>
        <t>
            <field>TRADE.DATE</field>
            <desc>
                <p>Standard T24 date field.</p>
                <p>     Validation Rules</p>
                <p>     A maximum of 11 characters may be entered.</p>
            </desc>
        </t>
        <t>
            <field>TRADE.DEPT</field>
            <desc>
                <p>Currently unused by T24.</p>
            </desc>
        </t>
        <t>
            <field>TRADE.TIME</field>
            <desc>
                <p>This multi-valued field displays the TRADE.TIME for each multi-valued BROKER. If the TRADE.TIME.FLAG in SC.STD.SEC.TRADE is set to 'YES' then the time is defaulted to the current system time.</p>
                <p>     If input is made into this field, the TRADE.TIME is written back to the associated SEC.OPEN.ORDER record to record the details of the trade.</p>
                <p/>
                <p>     Validation Rules</p>
                <p/>
                <p>     A maximum of 11 characters may be entered.</p>
                <p>     In the format HH:MM:SS.</p>
            </desc>
        </t>
        <t>
            <field>TRANSACTION.CODE</field>
            <desc>
                <p>Validation Rules</p>
                <p>     Mandatory input.</p>
                <p>     A maximum of 3 characters may be entered.</p>
                <p>     This is a NOINPUT field.</p>
                <p>     Must be the key to a valid entry on the SC.TRANS.NAME file.</p>
            </desc>
        </t>
        <t>
            <field>VALUE.DATE</field>
            <desc>
                <p>Standard T24 date field.</p>
                <p>     Validation Rules</p>
                <p>     A maximum of 11 characters may be entered.</p>
            </desc>
        </t>
        <t>
            <field>WHT.TAX.CODE</field>
            <desc>
                <p>Indicates the Tax code from the TAX.TYPE.CONDITION / TAX file. Defaults from the field SHARE.TAX / BOND.TAX from the file TXN.TAX.CODE.</p>
                <p/>
                <p>     Validation Rules</p>
                <p/>
                <p/>
                <p>     No       input field</p>
            </desc>
        </t>
        <t>
            <field>BR.EX.RATE.ACC</field>
            <desc>
                <p>Specifies the rate of exchange between the Trade Currency and the Br Account Ccy</p>
                <p>     Validation Rules</p>
                <p/>
                <p>     Default value = rate calculated as per the CURRENCY file records.</p>
                <p>     Where input manually the rate must fall between the parameters set on the CURRENCY files.</p>
            </desc>
        </t>
    	<t>
            <field>MT502.REJ.REASON</field>
            <desc>
                <p> Reason of MT509 rejection.</p>
            </desc>
        </t>
        <t>
            <field>CONSOLIDATE.EXEC</field>
            <desc>
                <p> This field is used only for inward message processing. Allowed value YES. Creation of trade will happen only on full execution of order though multiple MT513 are received.</p>
            </desc>
        </t>
        <t>
            <field>DAY.TRADE</field>
            <desc>
                <p> This field is used only for inward message processing. Allowed Value YES. Enable single trade creation for a day.Creation of trade will happen at the end of day before COB after the cut off time specified in EXEC.CUT.OFF.</p>
            </desc>
        </t>
    	
<t>
         <field>AUTHORISE.TRADE</field>
            <desc>
                <p>To be set to YES if the corresponding SEC.TRADE needs to be authorised automatically.</p>
            </desc>
        </t>  
<t>
    		<field>ADVICE.REQD</field>
    		<desc>
    			<p>To be set to YES if MT514 is to be sent.</p>
    		</desc>
    	</t>

  	<t>
           <field>PARENT</field>
            <desc>
            <p> Allowed value is YES </p>
            <p> This Field is to determine whether the order is a parent order </p>
        </desc>
        </t>

   <t>
           <field> PARENT.REFERENCE </field>
           <desc>
            <p> This field will accept alphanumeric Value </p>
            <p> Unique parent reference that is common for both parent and child orders and will serve as a link.</p>
        </desc>
         </t>
         <t>
         <field>EXE.HLT</field>
         <desc>
         <p>This field will be populated from SEC.OPEN.ORDER record field EXE.HLT.Allowed options are YES,NO or NULL. On setting YES system will throw an override on committing th record. NO or NULL will allow the process of executing order.</p>
         </desc>
         </t>
         <t>
         <field>TRADE.HLT</field>
         <desc>
         <p>This field will be populated from SEC.OPEN.ORDER record field TRADE.HLT.Allowed options are YES,NO or NULL. On setting YES system will be create the SEC.TRADE in IHLD status.</p>
         </desc>
         </t>    
    <t>
     <field>PARENT.CHILD.DEPO</field>
      <desc>
           <p>This field is used to specify whether parent trades are to be created based on each depository.</p>
           <p>The value will be defaulted from similar field of SC.STD.SEC.TRADE but can be manually overridden.</p>
            <p>This field has a significance only if either TRADE.CREATION field is set as PARENT.CHILD or order itself is created as a parent</p> <p>child order.</p>
           <p>
            <p>Validation Rules</p>
            </p>  
            <p>Allowed values is YES or No </p>                         
      </desc>
     </t>
    <t>
        <field>ROUNDING.FACTOR</field>
         <desc>
            <p>Minimum lot using which nominal will be executed. This will be defaulted from SEC.OPEN.ORDER. Value should be in multiple of trading units and nominal execution will consider this field instead of trading units from SECURITY.MASTER</p>                
        </desc>
    </t>      

<t><field>CU.INCOME.ACC</field><desc><p>Help Text for this field is unavailable.  Please refer to the T24 User Guides for further information.</p></desc></t><t><field>CU.INCOME.CCY</field><desc><p>Help Text for this field is unavailable.  Please refer to the T24 User Guides for further information.</p></desc></t></menu>
</t24help>
