﻿<?xml version="1.0" encoding="utf-8"?>
<t24help>
<header>
<product>SC</product>
<table>SC.STD.SEC.TRADE</table>
</header>
<overview>
<ovdesc>

            <p>This table contains company level default values which will be used when processing Spot Purchases and Sales transactions. </p>
            <p>     These defaults will be applicable irrespective of the transaction type and the user must create one record for each company on the system. </p>
        </ovdesc>
<ovimage></ovimage>
</overview>
<menu>
<t>
<field>CHG.CR.TRANS.CODE</field>
<desc>
        
        <p>Credit transaction code for charge.</p>
    </desc>
</t>
<t>
<field>CHG.DR.TRANS.CODE</field>
<desc>
       
        <p>Debit transaction code for charge.</p>
    </desc>
</t>
<t>
<field>INC.CR.TRANS.CODE</field>
<desc>
       
        <p>Credit transaction code for income.</p>
    </desc>
</t>
<t>
<field>INC.DB.TRANS.CODE</field>
<desc>
       
        <p>Debit transaction code for income.</p>
    </desc>
</t>
<t>
<field>UPD.CONF.SEC</field>
<desc>
        <p>Allowed values are NO and Null.</p>
        <p><b>NO:</b> If the field is set to NO and on a <b>SEC.OPEN.ORDER</b> input, the concat files SC.DEALER.UNCONF and ORD.SEC.NO will not be updated. </p>
        <p><b>NULL:</b> If the field is set to Null, then the concat files SC.DEALER.UNCONF and ORD.SEC.NO  will be updated.</p>
    </desc>
</t>
<t>
<field>BR.DB.TRANS.CODE</field>
<desc>
            <p>Which debit transaction code should the System use when processing a Liquidation Trade. For the Brokerage charged within that Liquidation Trade. </p>
            <p>     The following ranges have been assigned within T24:            600 - 649 = Securities. </p>
            <p>
                <p>Validation Rules:</p>
            </p>
            <p>     1-3 numeric characters. To facilitate the recognition of the Transaction code number with the Application to which they refer, ranges have been assigned to each Application as specified in the details. (Mandatory input)</p>
            <p>     Must exist as a valid Transaction code.</p>
        </desc>
</t>
<t>
<field>TREASURY.PL.CAT</field>
<desc>
            <p>This field indicates the Category to which the Treasury P/L entries arising from SEC.TRADE transaction need to be posted.</p>
            <p />
            <p>
                <p>Validation Rules:</p>
            </p>
            <p />
            <p>   Must be a valid CATEGORY code</p>
            <p>   Must be in the range 50000 to 59999</p>
            <p>   Mandatory input</p>
        </desc>
</t>
<t>
<field>MARKET.PL.CR.CODE</field>
<desc>
            <p>Each Category Code will have two transaction Codes assigned to it. A Credit and a Debit. This dictates what which transaction code represents a CREDIT entry to the Realised P/L. </p>
            <p>
                <p>Validation Rules:</p>
            </p>
            <p>     Must be a valid TRANSACTION code</p>
            <p>     1 to 3 numeric characters</p>
            <p>     Mandatory field</p>
        </desc>
</t>
<t>
<field>BR.MIS.DB.TRANS.CD</field>
<desc>
            <p>Specifies the accounting Transaction Code for Unrealized Loss. </p>
            <p>     The contents of this field are checked against the accounting TRANSACTION file. </p>
            <p>
                <p>Validation Rules:</p>
            </p>
            <p>     1 to 3 Numeric characters. (Mandatory input.)</p>
        </desc>
</t>
<t>
<field>PRO.BR.CHGS</field>
<desc>
            <p>Flag controlling whether Broker Charges and Commission should be Prorated across customer's  or not, during execution of the order and Trade creation.</p>
            <p>
                <p>Validation Rules:</p>
            </p>
            <p />
            <p>     Only input of 'YES' or 'NO' is allowed.</p>
            <p>     Optional Field.</p>
        </desc>
</t>
<t>
<field>DAP.CODE</field>
<desc>
            <p>Default delivery instruction code used in SEC.TRADE if the trade is Delivery against Payment. </p>
            <p>
                <p>Validation Rules:</p>
            </p>
            <p>     Mandatory Input</p>
            <p>     Must exist on the SC.DEL.INSTR file.</p>
        </desc>
</t>
<t>
<field>PRORATA.NOM</field>
<desc>
            <p>Flag controlling whether the Text message displayed during prorating nominal in SC.EXE.SEC.ORDERS should be displayed or not. </p>
            <p>
                <p>Validation Rules:</p>
            </p>
            <p />
            <p>     Only input of 'YES' or 'NO' is allowed.</p>
            <p>     Optional Input.</p>
            <p />
            <p />
        </desc>
</t>
<t>
<field>BR.CR.TRANS.CODE</field>
<desc>
            <p>Each Category Code will have two transaction Codes assigned to it. A Credit and a Debit. This dictates what type of entry is being processed within a Liquidation Trade . </p>
            <p>     The following ranges have been assigned within T24:            600 - 649 = Securities </p>
            <p>
                <p>Validation Rules:</p>
            </p>
            <p>     1-3 numeric characters. To facilitate the recognition of the Transaction code number with the Application to which they refer, ranges have been assigned to each Application as specified in the details. (Mandatory input).</p>
            <p>     Must exist as a valid Transaction Code.</p>
        </desc>
</t>
<t>
<field>ACCT.CR.TRANS.CODE</field>
<desc>
            <p>Defines the transaction code to be used when posting a credit to the account category specified in ACCT.BAL.SUSPENSE.</p>
        </desc>
</t>
<t>
<field>TREASURY.PL.CR.CDE</field>
<desc>
            <p>This field indicates the transaction Code to be used in the Credit entry raised for Treasury P/L.</p>
            <p />
            <p>
                <p>Validation Rules:</p>
            </p>
            <p />
            <p>   Must be a valid TRANSACTION code</p>
            <p>   1 to 3 numeric characters</p>
            <p>   Mandatory field</p>
            <p />
        </desc>
</t>
<t>
<field>ACCT.DB.TRANS.CODE</field>
<desc>
            <p>Defines the transaction code to be used when posting a debit to the account category specified in ACCT.BAL.SUSPENSE.</p>
        </desc>
</t>
<t>
<field>CL.DB.TRANS.CODE</field>
<desc>
            <p>Valid Debit type transaction code which is used by the System when entering a Category entry of the type specified in Field 8. </p>
            <p>     The following ranges have been assigned within T24:            600 - 649 = Securities </p>
            <p>
                <p>Validation Rules:</p>
            </p>
            <p>     1-3 numeric characters. To facilitate the recognition of the Transaction code number with the Application to which they refer, ranges have been assigned to each Application as specified in the details. (Mandatory input).</p>
            <p>     Must exist as a valid Transaction Code</p>
        </desc>
</t>
<t>
<field>CL.FOREIGN.CAT</field>
<desc>
            <p>As with fields 14,15 and 16 fields 17,18 and 19 contain A Category Code for Foreign Charges posted to a Client and a Valid Credit and Debit type Transaction Code which the System can utilise when posting these type of Sundry commissions etc. </p>
            <p>     This code classifies profit and loss and product types. Each business transaction of T24 will be allocated a Category code which will enable reports to be constructed that give an accurate view of the bank's operation. </p>
            <p>
                <p>Validation Rules:</p>
            </p>
            <p>     4 or 5 numeric characters. a)   Product/P&amp;L classification in the range 1-99. b)   Sub-classification of product/P&amp;L in the range 000-999. (Mandatory input).</p>
            <p>     Must exist as a valid Category Code.</p>
        </desc>
</t>
<t>
<field>EXCHANGE.PL.CR.CD</field>
<desc>
            <p>The transaction code used to signify which type of transaction is being posted, for exchange Profits. </p>
            <p>     To facilitate the recognition of the transaction code numbers with the application to which they refer, ranges have been assigned to each application. </p>
            <p>     The following range has been assigned within T24: </p>
            <p>                600 - 649 = Securities. </p>
            <p>
                <p>Validation Rules:</p>
            </p>
            <p>     1-3 numeric characters. Mandatory Input.</p>
            <p>     Must exist as a valid Transaction Code.</p>
        </desc>
</t>
<t>
<field>STAMP.CR.TRANS.CDE</field>
<desc>
            <p>This is the transaction code to be used if a credit entry is posted to the category defined in the STAMP.TAX.CAT field. Each Category Code will have two transaction Codes assigned to it. A Credit and a Debit. </p>
            <p>     The following ranges have been assigned within T24:            600 - 649 = Securities </p>
            <p>
                <p>Validation Rules:</p>
            </p>
            <p>     1-3 numeric characters. To facilitate the recognition of the Transaction code number with the Application to which they refer, ranges have been assigned to each Application as specified in the details. (Mandatory input).</p>
            <p>     Must exist as a valid Transaction Code.</p>
        </desc>
</t>
<t>
<field>CL.MIS.DB.TRANS.CD</field>
<desc>
            <p>Specifies the accounting Transaction Code for Realized Profit. </p>
            <p>     The contents of this field are checked against the accounting TRANSACTION file. </p>
            <p>
                <p>Validation Rules:</p>
            </p>
            <p>     1 to 3 Numeric characters. (Mandatory input.)</p>
        </desc>
</t>
<t>
<field>OFS.SOURCE</field>
<desc>
            <p />
            <p>     Multi valued field associated with OFS.VERSION field. Valid OFS.SOURCE record id is allowed to be input. The OFS.SOURCE will be used with the associated OFS.VERSION record for authorising applications used in grouping of orders.</p>
            <p>
                <p>Validation Rules:</p>
            </p>
            <p />
            <p />
            <p />
            <p />
            <p />
            <p />
            <p />
            <p />
            <p />
            <p />
            <p />
            <p />
            <p />
            <p />
            <p />
        </desc>
</t>
<t>
<field>OFS.VERSION</field>
<desc>
            <p />
            <p>     Multi valued field associated with OFS.SOURCE field. Valid VERSION record id is allowed to be input. The OFS.VERSION will be used with the associated OFS.SOURCE for authorising applications used in grouping of orders. Duplicate values are not allowed. </p>
            <p>
                <p>Validation Rules:</p>
            </p>
            <p />
            <p />
            <p />
            <p />
            <p />
            <p />
            <p />
            <p />
            <p />
            <p />
            <p />
            <p />
            <p>     -</p>
            <p />
        </desc>
</t>
<t>
<field>DEF.CUST.PRICE</field>
<desc>
            <p>Flag to indicate whether the user wants the market price held on the SECURITY.MASTER application defaulted into the CUST.PRICE or BR.PRICE fields on the SEC.TRADE application if no input is made by the user. </p>
            <p>
                <p>Validation Rules:</p>
            </p>
            <p>     Optional input.</p>
            <p>     Any input must be either Y or NO.</p>
            <p>     Will default to NO.</p>
        </desc>
</t>
<t>
<field>POST.BELGIUM.TAX</field>
<desc>
            <p>Flag controlling whether to calculate Belgium Tax or not. If this field is left blank then the system will treat it as NO. </p>
            <p>
                <p>Validation Rules:</p>
            </p>
            <p>     Only input of 'Y' or 'NO' allowed.</p>
            <p>     Optional input.</p>
        </desc>
</t>
<t>
<field>STAMP.DB.TRANS.CDE</field>
<desc>
            <p>This is the transaction code to be used if a debit entry is posted to the category defined in the STAMP.TAX.CAT field. Each Category Code will have two transaction Codes assigned to it. A Credit and a Debit. </p>
            <p>     The following ranges have been assigned within T24:            600 - 649 = Securities </p>
            <p>
                <p>Validation Rules:</p>
            </p>
            <p>     1-3 numeric characters. To facilitate the recognition of the Transaction code number with the Application to which they refer, ranges have been assigned to each Application as specified in the details. (Mandatory input).</p>
            <p>     Must exist as a valid Transaction Code.</p>
        </desc>
</t>
<t>
<field>SOO.SERVICE.API</field>
<desc>
            <p>Used by the service agent job AM.SC.MOVEMENT when an SC.SOO.CUST.DETAIL record is created. A local routine defined in EB.API with 3 subroutine arguments in this order, Parent ORDER.BY.CUST record,  the current SC.OBC.CUST.DETAIL record and SC.SOO.CUST.DETAIL record. The routine allows the setting of local reference fields only.</p>
        </desc>
</t>
<t>
<field>AI.CR.TRANS.CODE</field>
<desc>
            <p>Defines the transaction code to be used when posting a credit to the account category specified in ACCR.INT.SUSPENSE.</p>
        </desc>
</t>
<t>
<field>SHORT.POS.MARGIN</field>
<desc>
            <p>This field determines whether, upon valuation,  a negative margin value for an asset is treated as zero value or as the actual margin value. Where this field contains ASSET or null, a margin value of less than 0 will be treated as a zero. If this field contains LIABILITY, the calculated value will be taken as the margin value. </p>
            <p>
                <p>Validation Rules:</p>
            </p>
            <p>     Input must be ASSET, LIABILITY or blank</p>
        </desc>
</t>
<t>
<field>SPEC.SUB.ASSETS</field>
<desc>
            <p>Multi-valued field containing the SUB.ASSET.TYPE IDs of those SUB.ASSET.TYPES that are excluded from the Swiss Stamp Tax Report program SWISS.STAMP.TAX.RPT. </p>
            <p>
                <p>Validation Rules:</p>
            </p>
            <p>     Optional Input.</p>
            <p>     Any input must exist on the SUB.ASSET.TYPE application.</p>
        </desc>
</t>
<t>
<field>RETRO.PL.CAT.CR</field>
<desc>
            <p>Defines the CATEGORY Code to which Credit retrocession on SEC.TRADE will be posted. </p>
            <p>     This code classifies profit &amp; loss and product types. Each business transaction within T24 will be allocated a Category code which enables reports to be constructed that give an accurate view of the bank's operation. </p>
            <p>
                <p>Validation Rules:</p>
            </p>
            <p>     4 or 5 numeric characters. (Mandatory Input)</p>
            <p>     Must be in range 50-000 to 59-999.</p>
            <p>     Must exist as a valid CATEGORY code.</p>
        </desc>
</t>
<t>
<field>OPN.ORD.DR.CODE</field>
<desc>
            <p>Specifies the accounting Transaction Code for an Accrued Debit. </p>
            <p>     The contents of this field are checked against the accounting TRANSACTION file. </p>
            <p>
                <p>Validation Rules:</p>
            </p>
            <p>     1 to 3 Numeric characters. (Mandatory input.)</p>
        </desc>
</t>
<t>
<field>RETRO.PL.CAT.DR</field>
<desc>
            <p>Defines the CATEGORY Code to which Debit retrocession on SEC.TRADE will be posted. </p>
            <p>     This code classifies profit &amp; loss and product types. Each business transaction within T24 will be allocated a Category code which enables reports to be constructed that give an accurate view of the bank's operation. </p>
            <p>
                <p>Validation Rules:</p>
            </p>
            <p>     4 or 5 numeric characters. (Mandatory Input)</p>
            <p>     Must be in range 50-000 to 59-999.</p>
            <p>     Must exist as a valid CATEGORY code.</p>
        </desc>
</t>
<t>
<field>BR.MISC.FEES.CAT</field>
<desc>
            <p>Specifies the accounting Transaction Code for Realized Loss. </p>
            <p>     The contents of this field are checked against the accounting TRANSACTION file. </p>
            <p>
                <p>Validation Rules:</p>
            </p>
            <p>     1 to 3 Numeric characters. (Mandatory input.)</p>
        </desc>
</t>
<t>
<field>BR.BROKRGE.CAT</field>
<desc>
            <p>This field dictates to which Category Code amounts entered within a Liquidation Trade for the Brokerage charged by the Broker concerned should be entered </p>
            <p>     This code classifies profit and loss and product types. Each business transaction of T24 will be allocated a Category code which will enable reports to be constructed that give an accurate view of the bank's operation. </p>
            <p>
                <p>Validation Rules:</p>
            </p>
            <p>     4 or 5 numeric characters: a)   Product/P&amp;L classification in the range 1-99. b)   sub-classification of product/P&amp;L in the range 000-999. (Mandatory input).</p>
            <p>     Must exist as a valid Category code.</p>
        </desc>
</t>
<t>
<field>TRANSMIT.ORDER</field>
<desc>
            <p>This field is used to control the creation of SC.EXE.SEC.ORDERS record from authorised SEC.OPEN.ORDER records. If this field is equal to YES the SC.EXE.SEC.ORDERS records will only be created once the authorised SEC.OPEN.ORDER record has had its DEAL.STATUS field set to TRANSMITTED. Otherwise the SC.EXE.SEC.ORDERS record will be created at authorisation of the SEC.OPEN.ORDER. </p>
            <p>
                <p>Validation Rules:</p>
            </p>
            <p />
            <p>     Only input of YES or NO will be allowed.</p>
            <p>     Input must be YES if GROUP.ORDER field in SC.PARAMETER is set to   MANUAL/AUTOMATIC</p>
            <p>     Optional Input.</p>
        </desc>
</t>
<t>
<field>BROK.CR.TRANS.CODE</field>
<desc>
            <p>Defines the transaction code to be used when posting a credit to the account category specified in BROK.CHG.SUSPENSE.</p>
        </desc>
</t>
<t>
<field>POST.UNREAL.PROFIT</field>
<desc>
            <p>Flag controlling whether or not unrealised profit from Dealer Book portfolios is posted to the loss provision category or not. </p>
            <p>
                <p>Validation Rules:</p>
            </p>
            <p>     Only input of 'Y' or 'NO' allowed.</p>
            <p>     Optional Input.</p>
        </desc>
</t>
<t>
<field>CL.FOR.CR.TRANS.CD</field>
<desc>
            <p>As with fields 14,15 and 16 fields 17,18 and 19 contain A Category Code for Foreign Charges posted to a Client and a Valid Credit and Debit type Transaction Code which the System can utilise when posting these type of Sundry commissions etc. </p>
            <p>     The following ranges have been assigned within T24:            600 - 649 = Securities </p>
            <p>
                <p>Validation Rules:</p>
            </p>
            <p>     1-3 numeric characters. To facilitate the recognition of the Transaction code number with the Application to which they refer, ranges have been assigned to each Application as specified in the details. (Mandatory input).</p>
            <p>     Must exist as a valid Transaction Code.</p>
        </desc>
</t>
<t>
<field>CU.DISC.DB.CODE</field>
<desc>
            <p>This is the transaction code to be used if a debit entry is posted to the Category defined in the CU.DISC.CAT field. Each Category code will have two transaction codes associated with it, a credit and a debit. </p>
            <p>
                <p>Validation Rules:</p>
            </p>
            <p>     Mandatory input.</p>
            <p>     Must exist on the TRANSACTION application.</p>
            <p>     Must be identified as a debit transaction code on the TRANSACTION application, i.e. the DEBIT.CREDIT.IND field on the TRANSACTION record must be DEBIT.</p>
        </desc>
</t>
<t>
<field>UNRL.DR.CODE</field>
<desc>
            <p />
            <p />
            <p />
            <p />
            <p>     Examples: </p>
        </desc>
</t>
<t>
<field>FRE.CODE</field>
<desc>
            <p>Default delivery instruction code used in SEC.TRADE if the trade is Free of Payment. </p>
            <p>
                <p>Validation Rules:</p>
            </p>
            <p>     Mandatory Input</p>
            <p>     Must exist on the SC.DEL.INSTR file.</p>
        </desc>
</t>
<t>
<field>TRADE.TIME.FLAG</field>
<desc>
            <p>Flag to indicate whether 'time of execution' is to be accepted in Securities transactions or not. If this flag is 'Y' then 'time of execution' (TRADE.TIME) will be accepted by the user. Else TRADE.TIME field will be moved with null. An input of 'NONE' will be accepted if no 'time of execution' is available. </p>
            <p>
                <p>Validation Rules:</p>
            </p>
            <p>     Allowed values are 'Y'es/'N'o. (Mandatory Input)</p>
        </desc>
</t>
<t>
<field>OBC.SERVICE.API</field>
<desc>
            <p>Used by the service agent job AM.SC.MOVEMENT when an SC.OBC.CUST.DETAIL record is created. A local routine defined in EB.API with 2 subroutine arguments in this order, Parent ORDER.BY.CUST record, SC.OBC.CUST.DETAIL record. The routine allows the setting of local reference fields only.</p>
        </desc>
</t>
<t>
<field>AI.DB.TRANS.CODE</field>
<desc>
            <p>Defines the transaction code to be used when posting a debit to the account category specified in ACCR.INT.SUSPENSE.</p>
        </desc>
</t>
<t>
<field>STAMP.TAX.CAT</field>
<desc>
            <p>Default category for amounts posted as Stamp Tax by SEC.TRADE transactions. The amounts will only be posted to this category if no category is defaulted by the STK.EXC.NN or SC.TAX.PARAMETER applications. </p>
            <p>
                <p>Validation Rules:</p>
            </p>
            <p>     Mandatory input.</p>
            <p>     Must exist on the CATEGORY file.</p>
            <p>     Input must be numeric and 4 or 5 charaters long.</p>
        </desc>
</t>
<t>
<field>CALC.AVG.PRICE</field>
<desc>
            <p>Flag controlling whether or not Average Price for customer's is to be calculated or not.</p>
            <p>
                <p>Validation Rules:</p>
            </p>
            <p />
            <p>     Only input of 'YES' or 'NO' allowed.</p>
            <p>     Optional Input.</p>
            <p />
        </desc>
</t>
<t>
<field>CU.DISC.CAT</field>
<desc>
            <p>The Category to which any customer discount amounts from the SEC.TRADE application are posted. On the SEC.TRADE application it is possible to apply discount to the default customer commission amounts charged to a customer portfolio. If a discount to the default commission is applied then the amount of discount will be posted to the CATEGORY input here. </p>
            <p>
                <p>Validation Rules:</p>
            </p>
            <p>     Mandatory Input.</p>
            <p>     Must exist on the CATEGORY application.</p>
            <p>     Any input cannot be less than 50000 or greater than 59999.</p>
        </desc>
</t>
<t>
<field>POST.CONT.REAL.PL</field>
<desc>
            <p>An "YES" in this field will mean that entries will be raised for P/L for forward valued Trades for Own Book Portfolio. When this field is set as "YES", the fields CNT.REAL.PL.CAT.PR and CNT.REAL.PL.CAT.LO will become mandatory in SEC.ACC.MASTER. </p>
            <p>     Ex: If there is profit of $1000 on a Trade dated T + 3, the P/L entry will be raised only on Date - T + 3</p>
            <p>     An YES here will mean that</p>
            <p>     On Trade Date</p>
            <p>     An entry will be raised to the Contingent P/L bucket on Trade Date for $ 1000</p>
            <p>     On the Value Date</p>
            <p>     The entry to the Contingent P/L bucket will be reversed for $ 1,000 and the Profit will be posted to the original bucket.</p>
            <p>     A "NO" or a blank in this field will mean that NO contingent P/L entries will be posted until the Value Date of the Trade.</p>
            <p>
                <p>Validation Rules:</p>
            </p>
            <p />
            <p>     Valid INPUT = YES or NO</p>
            <p>     This field will be allowed INPUT only if the field TRADE.SETTLE.ACCTG         is set as 'SETTLEMENT'. </p>
        </desc>
</t>
<t>
<field>CL.MIS.CR.TRANS.CD</field>
<desc>
            <p>Specifies the transaction code to be used when generating a sale transaction via the trade open order module. </p>
            <p>
                <p>Validation Rules:</p>
            </p>
            <p>     1-3 alphanumeric characters Mandatory Input</p>
            <p>     Must exist as a valid securities Transaction code (SC.TRANS.NAME).</p>
        </desc>
</t>
<t>
<field>BLOCKED.ORDER</field>
<desc>
            <p>Field allowing the bank to control whether or not the application ORDER.BY.CUST will select blocked portfolios. </p>
            <p>     If this field is set to 'NO' or left blank then the ORDER.BY.CUST application will not select blocked portfolios. </p>
            <p>     If this field is set to 'YES' then the ORDER.BY.CUST application will select blocked portfolios with an override being given if a blocked portfolio is selected. The override will be the blocking narrative from the SEC.ACC.MASTER record for the portfolio if one has been set-up. If one has not been set-up then a message saying the portfolio is blocked will be used. </p>
            <p>
                <p>Validation Rules:</p>
            </p>
            <p>     Only input of 'YES' or 'NO' allowed.</p>
            <p>     Will default to NO.</p>
        </desc>
</t>
<t>
<field>COMPANY.CODE</field>
<desc>
            <p>Specifies the Company to which the user must be signed on in order to use the application. </p>
            <p>
                <p>Validation Rules:</p>
            </p>
            <p>     9 alphanumeric characters 'CCGGGLLLL where: CC   is 2 alpha character Country code GGG  is 3 numeric character Company code LLLL is 4 numeric Local code or    2-3 type MNE (uppercase alphanumeric or '.') Company Mnemonic characters Mandatory Input No Default Value.</p>
        </desc>
</t>
<t>
<field>ORD.DEF.SEC.ACCT</field>
<desc>
            <p>YES / NO field to allow the bank to decide whether to default the customer security account on the order execution screen. The system will treat the input of nothing as if the order execution screen will not default the customer security account. </p>
            <p>
                <p>Validation Rules:</p>
            </p>
            <p>     Only input of YES or NO allowed.</p>
        </desc>
</t>
<t>
<field>PRICE.TOLRNC.PERC</field>
<desc>
            <p>Specifies the variance from the "LAST.PRICE" field of the SECURITY.MASTER that a transaction will tolerate before prompting the user with an override message. </p>
            <p>     If a price is entered that is greater than or less than the "LAST.PRICE" field of the SECURITY.MASTER for that Security, by more than the percentage specified in this field then the user will be prompted with an override message. </p>
            <p>
                <p>Validation Rules:</p>
            </p>
            <p>     1-9 Numeric characters (Optional input)</p>
        </desc>
</t>
<t>
<field>BR.MIS.CR.TRANS.CD</field>
<desc>
            <p>Specifies the accounting Transaction Code for Unrealized Profit. </p>
            <p>     The contents of this field are checked against the accounting TRANSACTION file. </p>
            <p>
                <p>Validation Rules:</p>
            </p>
            <p>     1 to 3 Numeric characters. (Mandatory input.)</p>
        </desc>
</t>
<t>
<field>EXCHANGE.PL.DB.CD</field>
<desc>
            <p>The transaction code used to signify which type of transaction is being posted, for exchange Losses. </p>
            <p>     To facilitate the recognition of the transaction code numbers with the application to which they refer, ranges have been assigned to each application. </p>
            <p>     The following range has been assigned within T24: </p>
            <p>                600 - 649 = Securities. </p>
            <p>
                <p>Validation Rules:</p>
            </p>
            <p>     1-3 numeric characters. Mandatory Input.</p>
            <p>     Must exist as a valid Transaction Code.</p>
        </desc>
</t>
<t>
<field>BROK.CHG.SUSPENSE</field>
<desc>
            <p>The category code used by the system to post the difference between the total broker charge amounts and the total customer broker charge amounts that have been prorated across the customers when processing a SEC.TRADE via service agents. The account will be in local currency for the specified category code.</p>
        </desc>
</t>
<t>
<field>MARKET.PL.DB.CODE</field>
<desc>
            <p>Each Category code will have two transactions codes assigned to it - a CREDIT and a DEBIT. This dictates which transaction code represents a DEBIT entry to the Realised P/L account. </p>
            <p>
                <p>Validation Rules:</p>
            </p>
            <p>     Must be a valid TRANSACTION code</p>
            <p>     Mandatory field</p>
            <p>     1 to 3 numeric characters</p>
        </desc>
</t>
<t>
<field>BR.FOREIGN.CAT</field>
<desc>
            <p>The Category Code to be used when entering a Liquidation trade containing a Broker Foreign Charge. </p>
            <p>     This code classifies profit and loss and product types. Each business transaction of T24 will be allocated a Category code which will enable reports to be constructed that give an accurate view of the bank's operation. </p>
            <p>
                <p>Validation Rules:</p>
            </p>
            <p>     4 or 5 numeric characters. a)   Product/P&amp;L classification in the range 1-99. b)   Sub-classification of product/P&amp;L in the range 000-999. (Mandatory input).</p>
            <p>     Must exist as a valid Category Code</p>
        </desc>
</t>
<t>
<field>REAL.DR.CODE</field>
<desc>
            <p>Defines the Previous Frequency with which the Profit/Loss account was made up (ie. the previous value of field 30). </p>
            <p>
                <p>Validation Rules:</p>
            </p>
            <p>     1 to 17 type FQU (Date + Frequency code  Alphanumeric) characters. (Mandatory Input.)</p>
        </desc>
</t>
<t>
<field>TRANSACTION.REVAL</field>
<desc>
            <p>Allowed value is YES. If set, individual transaction level revaluation process will happen and not for consolidated position.</p>
        </desc>
</t>
<t>
<field>UPD.OUTST.ORD.CRED</field>
<desc>
            <p>YES / NO field that allows the user to specify whether they want the NET.OPEN.ORD.POS field on the SECURITY.POSITION record to be updated by credit orders or not. Setting this field to YES will result in the NET.OPEN.ORD.POS field being updated by credit orders. The NET.OPEN.ORD.POS field is used by T24 to indicate outstanding orders (orders that have not yet been executed) for a security position. </p>
            <p>
                <p>Validation Rules:</p>
            </p>
            <p>     Input of YES or NO allowed.</p>
            <p>     If this field is left blank the system treats this as NO.</p>
        </desc>
</t>
<t>
<field>ST.SERVICE.API</field>
<desc>
            <p>Used by the service agent job SEC.OPEN.ORDER.SERVICE when an SC.SEC.TRADE.CUST.DETAIL record is created. A local routine defined in EB.API with 3 subroutine arguments in this order, Parent SEC.OPEN.ORDER record,  the current SC.SOO.CUST.DETAIL record and SC.SEC.TRADE.CUST.DETAIL record. The routine allows the setting of local reference fields only.</p>
        </desc>
</t>
<t>
<field>BROK.DB.TRANS.CODE</field>
<desc>
            <p>Defines the transaction code to be used when posting a debit to the account category specified in BROK.CHG.SUSPENSE.</p>
        </desc>
</t>
<t>
<field>MARKET.PL.CAT</field>
<desc>
            <p>This field tells T24 to which Category to post the Realised P/L arising from Own Portfolio security trading activities. </p>
            <p>
                <p>Validation Rules:</p>
            </p>
            <p>     Must be a valid CATEGORY code</p>
            <p>     Must be in the range 50000 to 59999</p>
            <p>     Mandatory input</p>
        </desc>
</t>
<t>
<field>CL.COMMISSN.CAT</field>
<desc>
            <p>Category Code for Commission charged to a client within a Liquidation Trade. </p>
            <p>     This code classifies profit and loss and product types. Each business transaction of T24 will be allocated a Category code which will enable reports to be constructed that give an accurate view of the bank's operation. </p>
            <p>
                <p>Validation Rules:</p>
            </p>
            <p>     4 or 5 numeric characters: a)   Product/P&amp;L classification in the range 1-99. b)   Sub-classification of product/P&amp;L in the range 000-999. (Mandatory input).</p>
            <p>     Must exist as a valid Category code.</p>
        </desc>
</t>
<t>
<field>NO.COM.TRN.CDS</field>
<desc>
            <p>Multi valued field containing a list of Securities Transaction codes where no commission is to be charged by the SEC.TRADE application. If a SEC.TRADE application is input with a Security Transaction code from this list then no commission (customer or broker) will be charged. </p>
            <p>
                <p>Validation Rules:</p>
            </p>
            <p>     Optional Input.</p>
            <p>     Any input must exist on the SC.TRANS.NAME field.</p>
        </desc>
</t>
<t>
<field>EBV.FEES.CAT</field>
<desc>
            <p>Default category for amounts posted as EBV Fees by SEC.TRADE transactions. The amounts will only be posted to this category if no category is defaulted by the STK.EXC.NN or SC.TAX.PARAMETER applications. </p>
            <p>
                <p>Validation Rules:</p>
            </p>
            <p>     Mandatory input.</p>
            <p>     Must exist on the CATEGORY file.</p>
        </desc>
</t>
<t>
<field>CRF.POST</field>
<desc>
            <p>Field controlling whether the Securities module updates the CRF or not. If this field is NO then no CRF entries will be produced by the Securities module with accounting entries being generated instead. </p>
            <p>
                <p>Validation Rules:</p>
            </p>
            <p>     No change allowed to the field once the record has been authorised.</p>
            <p>     Only input of 'Y' of 'NO' is allowed.</p>
        </desc>
</t>
<t>
<field>BR.FOR.DB.TRANS.CD</field>
<desc>
            <p>Valid Debit type transaction code to be used in conjunction with the Category Code specified within field 14, when entering a Liquidation Trade containing a Brokers" Foreign Charge. </p>
            <p>     The following ranges have been assigned within T24:            600 - 649 = Securities </p>
            <p>
                <p>Validation Rules:</p>
            </p>
            <p>     1-3 numeric characters. To facilitate the recognition of the Transaction code number with the Application to which they refer, ranges have been assigned to each Application as specified in the details. (Mandatory input).</p>
            <p>     Must exist as a valid Transaction Code.</p>
        </desc>
</t>
<t>
<field>EXCHANGE.PL.CAT</field>
<desc>
            <p>Specifies the category code to be used for the posting of exchange Profit &amp; Loss entries. </p>
            <p>     This code classifies profit &amp; loss and product types. Each business transaction of T24 will be allocated a Category code which will enable reports to be constructed that give an accurate view of the bank's position. </p>
            <p>
                <p>Validation Rules:</p>
            </p>
            <p>     4 or 5 numeric characters. Mandatory Input.</p>
            <p>     Must be in range 50-000 to 59-999.</p>
            <p>     Must exist as a valid CATEGORY code.</p>
        </desc>
</t>
<t>
<field>UNRL.CR.CODE</field>
<desc>
            <p />
            <p />
            <p />
            <p />
            <p>     Examples: </p>
        </desc>
</t>
<t>
<field>OPN.ORD.CR.CODE</field>
<desc>
            <p>Specifies the accounting Transaction Code for an Accrued Credit. </p>
            <p>     The contents of this field are checked against the accounting TRANSACTION file. </p>
            <p>
                <p>Validation Rules:</p>
            </p>
            <p>     1 to 3 Numeric characters. (Mandatory input.)</p>
        </desc>
</t>
<t>
<field>POST.TR.DT.UNRL.PL</field>
<desc>
            <p>An "YES" in this field will mean that entries for Unrealised P/L for Own Book Portfolios will be raised for positions inclusive of Forward Dated Trades. </p>
            <p>     A "NO" or a blank in this field will mean that Unrealised P/L entries will be raised only the Value Dated Positions. This won't include any forward valued Trades.</p>
            <p>
                <p>Validation Rules:</p>
            </p>
            <p />
            <p>     Valid INPUT = YES or NO</p>
            <p>     This field will be allowed INPUT only if the field TRADE.SETTLE.ACCTG         is set as 'SETTLEMENT'. </p>
        </desc>
</t>
<t>
<field>TRADE.CREATION</field>
<desc>
            <p>This field controls the SEC.TRADE creation from SC.EXE.SEC.ORDERS.</p>
            <p>     Example: If Trade Creation is 'BY.PORTFOLIO' then SEC.TRADE's will be created for each Portfolio.</p>
            <p>
                <p>Validation Rules:</p>
            </p>
            <p/>
            <p>     Valid options are 'BY.CUST', 'BY.DEPO', 'BY.BROKER', 'BY.PORTFOLIO', 'PARENT.CHILD'.</p>
            <p>     Optional Input.</p>
            <p>     'BY.CUST' and 'BY.PORTFOLIO' are not supported for service-based orders</p> 
            <p>     'PARENT.CHILD' is used for creation of parent child trades on execution</p>
        </desc>
</t>
<t>
<field>OVERSELL.BLOCK</field>
<desc>
            <p>When a SECURITY.POSITION has some or all of its nominal blocked against trading this field will dictate how the block will be handled.</p>
            <p>     YES  The user will be issued with an Override Message but trading can still continue. NO - The user will be issued with an Error Message and the record will not be committed.</p>
            <p>     Note  If trying to change the setting to "NO" and there are unauthorised transactions in either the SEC.TRADE or SECURITY.TRANSFER applications then an error message will display. To change to a "NO" make sure all records are authorised or deleted first.</p>
            <p>
                <p>Validation Rules:</p>
            </p>
            <p />
            <p>     "YES" or "NO".</p>
        </desc>
</t>
<t>
<field>CL.BROKRGE.CAT</field>
<desc>
            <p>For each Charge within a liquidation Trade there must be a separate Category code for processing entries and reporting purposes. This field contains the Category Code to which Brokerage charged to a Client will be "posted". </p>
            <p>     This code classifies profit and loss and product types. Each business transaction of T24 will be allocated a Category code which will enable reports to be constructed that give an accurate view of the bank's operation. </p>
            <p>
                <p>Validation Rules:</p>
            </p>
            <p>     4 or 5 numeric characters: a)   Product/P&amp;L classification in the range 1-99. b)   Sub-classification of product/P&amp;L in the range 000-999. (Mandatory input).</p>
            <p>     Must exist as a valid Category code.</p>
        </desc>
</t>
<t>
<field>CL.COM.CR.TRANS.CD</field>
<desc>
            <p>Credit Transaction code to be utilised with the Category code entered at field 11 when entering a Liquidation Trade containing a Commission type Charge. </p>
            <p>     The following ranges have been assigned within T24:            600 - 649 = Securities </p>
            <p>
                <p>Validation Rules:</p>
            </p>
            <p>     1-3 numeric characters. To facilitate the recognition of the Transaction code number with the Application to which they refer, ranges have been assigned to each Application as specified in the details. (Mandatory input).</p>
            <p>     Must exist as a valid Transaction Code.</p>
        </desc>
</t>
<t>
<field>EF.DB.TRANS.CODE</field>
<desc>
            <p>This is the transaction code to be used is a debit entry is posted to the category defined in the EBV.FEES.CAT field. Each Category Code will have two transaction Codes assigned to it. A Credit and a Debit. </p>
            <p>     The following ranges have been assigned within T24:            600 - 649 = Securities </p>
            <p>
                <p>Validation Rules:</p>
            </p>
            <p>     1-3 numeric characters. To facilitate the recognition of the Transaction code number with the Application to which they refer, ranges have been assigned to each Application as specified in the details. (Mandatory input).</p>
            <p>     Must exist as a valid Transaction Code.</p>
        </desc>
</t>
<t>
<field>TREASURY.PL.DB.CDE</field>
<desc>
            <p>This field indicates the transaction Code to be used in the Debit entry raised for Treasury P/L. </p>
            <p />
            <p>
                <p>Validation Rules:</p>
            </p>
            <p />
            <p>   Must be a valid TRANSACTION code</p>
            <p>   Mandatory field</p>
            <p>   1 to 3 numeric characters</p>
        </desc>
</t>
<t>
<field>CU.DISC.CR.CODE</field>
<desc>
            <p>This is the transaction code to be used if a credit entry is posted to the Category defined in the CU.DISC.CAT field. Each Category code will have two transaction codes associated with it, a credit and a debit. </p>
            <p>
                <p>Validation Rules:</p>
            </p>
            <p>     Mandatory input.</p>
            <p>     Must exist on the TRANSACTION application.</p>
            <p>     Must be identified as a credit transaction code on the TRANSACTION application, i.e. the DEBIT.CREDIT.IND field on the TRANSACTION record must be CREDIT.</p>
        </desc>
</t>
<t>
<field>CHARGE.CALC.METHOD</field>
<desc>
            <p>Determines how broker charges will be calculated. Can be BY.TRANCHE (default value if not set) or BY.BROKER. </p>
            <p>     BY.TRANCHE will calculate charges for each execution, BY.BROKER will calculate charges by broker, these charges will then be allocated on a pro-rate basis for each execution.</p>
        </desc>
</t>
<t>
<field>COST.IN.ACT.XRATE</field>
<desc>
            <p>Controls apportionment for DEMERGER type DIARY when stock currency is different to ref currency.</p>
        </desc>
</t>
<t>
<field>BR.FOR.CR.TRANS.CD</field>
<desc>
            <p>Valid Credit type transaction code to be used in conjunction with the Category Code as specified at field 14, when entering a Liquidation Trade. </p>
            <p>     The following ranges have been assigned within T24:            600 - 649 = Securities </p>
            <p>
                <p>Validation Rules:</p>
            </p>
            <p>     1-3 numeric characters. To facilitate the recognition of the Transaction code number with the Application to which they refer, ranges have been assigned to each Application as specified in the details. (Mandatory input).</p>
            <p>     Must exist as a valid Transaction Code.</p>
        </desc>
</t>
<t>
<field>SUSPENSE.UNREAL.PR</field>
<desc>
            <p>This field is used to control whether unrealised profit and loss generated by Dealer Book portfolios is posted to a user specified CATEGORY or a user specified Suspense Account. If this field is set to 'Y' the unrealised profit and loss generated by a Dealer Book portfolio is posted to the relevent suspense account. The Category of the suspense accounts are specified on the SEC.ACC.MASTER record defining the Dealer Book portfolio. The fields used are; UNREAL.PROFIT.SUSP for unrealised profit. UNREAL.LOSS.PROV for unrealised loss. If this field is NO then the unrealised profit and loss will be posted to the CATEGORY specified in the UNREAL.PL.CAT.PRT or UNREAL.PL.CAT.LOSS fields of the Dealer Book SEC.ACC.MASTER record. </p>
            <p>
                <p>Validation Rules:</p>
            </p>
            <p>     Mandatory Field.</p>
            <p>     Only input of 'Y' or 'NO' allowed.</p>
        </desc>
</t>
<t>
<field>CANCEL.REMAIN.ORD</field>
<desc>
            <p>Flag controlling whether the Text message displayed during partial execution  to put the order to history in SC.EXE.SEC.ORDERS should be displayed or not. </p>
            <p>
                <p>Validation Rules:</p>
            </p>
            <p />
            <p>     Only input of 'YES' or 'NO' is allowed.</p>
            <p>     Optional Input.</p>
        </desc>
</t>
<t>
<field>CL.MISC.FEES.CAT</field>
<desc>
            <p>Specifies the transaction code to be used when generating a purchase transaction via the trade open order module. </p>
            <p>
                <p>Validation Rules:</p>
            </p>
            <p>     1-3 alphanumeric characters Mandatory Input</p>
            <p>     Must exist as a valid securities Transaction code (SC.TRANS.NAME).</p>
        </desc>
</t>
<t>
<field>CL.FOR.DB.TRANS.CD</field>
<desc>
            <p>As with fields 14,15 and 16 fields 17,18 and 19 contain A Category Code for Foreign Charges posted to a Client and a Valid Credit and Debit type Transaction Code which the System can utilise when posting these type of Sundry commissions etc. </p>
            <p>     The following ranges have been assigned within T24:            600 -649 = Securities </p>
            <p>
                <p>Validation Rules:</p>
            </p>
            <p>     1-3 numeric characters. To facilitate the recognition of the Transaction code number with the Application to which they refer, ranges have been assigned to each Application as specified in the details. (Mandatory input).</p>
            <p>     Must exist as a valid Transaction Code.</p>
        </desc>
</t>
<t>
<field>COMM.PRIN.INT</field>
<desc>
            <p>Field to allow the used specify whether the SEC.TRADE program will use the principal amount or the total of principal and interest amounts to calculate the customer commission. If the commission should be calculated on the Principal amount of the SEC.TRADE application then PRINCIPAL should be entered. If the commission should be calculated on the total of the principal and interest amounts then BOTH should be entered in this field. </p>
            <p>
                <p>Validation Rules:</p>
            </p>
            <p>     Optional Input.</p>
            <p>     The only input allowed is PRINCIPAL or BOTH.</p>
            <p>     Will default to BOTH if no input is made.</p>
        </desc>
</t>
<t>
<field>CL.COM.DB.TRANS.CD</field>
<desc>
            <p>Valid Debit type transaction code to be used by the system when entering Category entries within the Liquidation Trade facility of the type specified at field 11. </p>
            <p>     The following ranges have been assigned within T24:            600 - 649 = Securities. </p>
            <p>
                <p>Validation Rules:</p>
            </p>
            <p>     1-3 numeric characters. To facilitate the recognition of the Transaction code number with the Application to which they refer, ranges have been assigned to each Application as specified in the details. (Mandatory input).</p>
            <p>     Must exist as a valid Transaction code</p>
        </desc>
</t>
<t>
<field>CONSOLIDATE.FX</field>
<desc>
            <p>This is a YES/NO flag designed to allow the user to specify whether they want to consolidate all the foreign exchange positions on a SEC.TRADE and use these figures to enter exchange rates for the customer side of a SEC.TRADE transaction. If this is required the this flag should be set to YES. If the bank has a requirement to enter a rate for each customer into the CU.EX.RATE.REF field then this field should be set to NO. </p>
            <p>     If this field is set to YES the CU.EX.RATE.REF field on the SEC.TRADE application becomes a no-input field and the user has to enter a rate using the CONSOL.RATE field at the end of the transaction. The CONSOL.RATE field is a multi-valued field requiring a rate to be input for each currency that a customer is settling in that is not the Trade Currency of the SEC.TRADE transaction. </p>
            <p>     If this field is set to NO then the CONSOL.RATE is a no-input field and the fields TRADE.CURR to CON.VAL.DATE inclusive on the SEC.TRADE application are not used. In this case the CU.EX.RATE.REF field become mandatory. </p>
            <p>
                <p>Validation Rules:</p>
            </p>
            <p>     Only inpuy of YES or NO allowed.</p>
        </desc>
</t>
<t>
<field>TR.REVAL.SUBR</field>
<desc>
            <p> Specifies the user defined subroutine for modifying the individual transaction level revaluation amount.</p>
            <p> If TRANSACTION.REVAL is set, then This routine can be defined to change pl amount, PL category, Suspense account category </p>
            <p> This routine can be specified as </p>
            <p> Example.routine(REC.ID, UNREAL.PL,PL.CATEG,SUSP.CATEG, RESERVED.3) </p>
            <p> where REC.ID is STP id and Transaction id separated by '*' </p>
            <p> UNREAL.PL is system calculated unrealised pl amount </p>
            <p> PL.CATEG is PL category </p>
            <p> SUSP.CATEG is suspense account category </p>
            <p> RESERVED.3 is for future use </p>
        </desc>
</t>
<t>
<field>EF.CR.TRANS.CODE</field>
<desc>
            <p>This is the transaction code to be used is a credit entry is posted to the category defined in the EBV.FEES.CAT field. Each Category Code will have two transaction Codes assigned to it. A Credit and a Debit. </p>
            <p>     The following ranges have been assigned within T24:            600 - 649 = Securities </p>
            <p>
                <p>Validation Rules:</p>
            </p>
            <p>     1-3 numeric characters. To facilitate the recognition of the Transaction code number with the Application to which they refer, ranges have been assigned to each Application as specified in the details. (Mandatory input).</p>
            <p>     Must exist as a valid Transaction Code.</p>
        </desc>
</t>
<t>
<field>REAL.CR.CODE</field>
<desc>
            <p>Defines the Frequency with which the Profit/Loss account is made up. </p>
            <p>
                <p>Validation Rules:</p>
            </p>
            <p>     1 to 17 type FQU (Date + Frequency code  Alphanumeric) characters. (Mandatory Input.)</p>
        </desc>
</t>
<t>
<field>CL.CR.TRANS.CODE</field>
<desc>
            <p>The System will default to this Transaction code when processing a transaction which contains a financial credit with the Category code as specified in field 8. </p>
            <p>     The following ranges have been assigned within T24:            600 - 649 = Securities </p>
            <p>
                <p>Validation Rules:</p>
            </p>
            <p>     1 to 3 numeric characters. To facilitate the recognition of the Transaction code number with the Application to which they refer, ranges have been assigned to each Application as specified in the details. (Mandatory input).</p>
            <p>     Must exist as a valid Transaction code.</p>
        </desc>
</t>
<t>
<field>ACCR.CR.CODE</field>
<desc>
            <p>Defines the default TRANSACTION Code to be used when credit accruals are recognised.</p>
            <p>     To facilitate the matching of the Transaction code to the Application to which it refers, ranges have been assigned to each Application.</p>
            <p>     The following ranges have been assigned within T24: 600 - 649 = Securities</p>
            <p>
                <p>Validation Rules:</p>
            </p>
            <p />
            <p>     1 to 3 numeric characters. (Mandatory input).   </p>
            <p>     Must exist as a valid Transaction code</p>
        </desc>
</t>
<t>
<field>ACCR.DR.CODE</field>
<desc>
            <p>Defines the default TRANSACTION Code to be used when debit accruals are recognised. </p>
            <p>     To facilitate the matching of the Transaction code to the Application to which it refers, ranges have been assigned to each Application. </p>
            <p>     The following ranges have been assigned within T24:            600 - 649 = Securities </p>
            <p>
                <p>Validation Rules:</p>
            </p>
            <p>     1 to 3 numeric characters. (Mandatory input).</p>
            <p>     Must exist as a valid Transaction code.</p>
        </desc>
</t>
<t>
<field>ACCR.INTR.SUSPENSE</field>
<desc>
            <p>The category code used by the system to post the difference between the broker accrued interest amount and the total customer accrued interest amount when processing a SEC.TRADE via service agents. The account will be in local currency for the specified category code.</p>
        </desc>
</t>
<t>
<field>ACCT.BAL.SUSPENSE</field>
<desc>
            <p>The category code used by the system to post the balancing accounting entry  when processing a SEC.TRADE via service agents. The account will be in local currency for the specified category code. </p>
        </desc>
</t>
<t>
<field>REINVOICE</field>
<desc>
            <p>Allowed value is Y </p>
	    <p>This field will indicate whether the broker charges and commission to be reinvoiced in portfolios actual company. If this field is set, the the broker charges and commissions from SEC.TRADE will be reinvoiced to the portfolio actual company otherwise these charges will remain in transaction company.</p>
        </desc>
</t>
<t>
<field>CUT.OFF.EXEC</field>
<desc>
            <p>This field contains either STOCK.EXCHANGE or CUSTOMER.SECURITY.</p>
            <p>CUT.OFF time will be taken from the application entered in this Field.</p>
        </desc>
</t>
<t>
<field>CURRENCY.CALENDAR</field>
<desc>
            <p>Allowed value is YES </p>
            <p>This field will determine whether value date in SEC.OPEN.ORDER, SC.EXE.SEC.ORDERS and SEC.TRADE will be defaulted by considering trade currency’s country. If this field is setup, Value date calculated as per STOCK.EXCHANGE table setup will be checked for whether it is working day in trade currency calendar country. Defaulted value date will be the working day in both currency calendar country and country as per STOCK.EXCHANGE table setup</p>
</desc>
</t>

<t>
<field>SYNTHETIC.PORT</field>
<desc>
            <p> Must be an existing SEC.ACC.MASTER record </p>
            <p> Synthetic portfolio that is to be used for parent child processing. This portfolio will be updated in the customer side of parent transaction </p>
        </desc>
</t>

<t>
<field>SYNTHETIC.CPTY</field>
<desc>
            <p> Must be an existing Customer record </p>
            <p> Synthetic counterparty to be used for parent child processing. The counterparty specified here will be updated into broker side of child portfolio</p>
        </desc>
</t>
<t>
<field>SYNTHETIC.SUSP.CAT</field>
<desc>
            <p> The Category should be between 10000 to 19999  </p>
            <p> Synthetic suspense category to be used for parent child processing. The internal account category specified here will be used for entry processing in parent and child trades. For parent trade, Customer side account will be the internal account formed using this category. For child trade, Broker side account will be the internal account formed using this category. </p>
        </desc>
</t>
<t>
<field> AUTHORISE.CHILD</field>
<desc>
            <p> Allowed value is YES </p>
            <p> Field will accept the value YES if child trade are to be authorised  on authorisation of parent. Child trades will also be automatically authorised if AUTHORISE.TRADE field in SC.EXE.SEC.ORDERS of parent is set as YES.</p>
        </desc>
</t>
<t>
<field> AGGR.SYN.PORT</field>
<desc>
            <p> Must be an existing SEC.ACC.MASTER record </p>
            <p> Aggregated  portfolio that will be part of transaction if broker involves nostro aggregation. </p>
        </desc>
</t>

<t>
<field> AGGR.SUSP.CAT </field>
<desc>
            <p> The Category should be in the Range 10000 to 19999 </p>
            <p> Aggregated suspense account category to be used for holding the amount until the entry is posted to nostro </p>
        </desc>
</t>
<t>
<field>AUTH.CHILD.ORDER</field>
<desc>
<p>Field to determine whether child order should be authorised. Value will be defaulted into AUTHORISE.CHILD field of SEC.OPEN.ORDER</p>
<p> so that T24 service will authorise both parent and child</p>
<p>
                <p>Validation Rules</p>
                </p>  
                <p>Allowed value is only YES</p>                         
</desc>
</t>
<t>
<field>PARENT.CHILD.DEPO</field>
<desc>
<p>This field is used to specify whether parent trades are to be created based on each depository</p>
<p> The value will be defaulted into similar field of SC.EXE.SEC.ORDERS</p>
                <p>
                <p>Validation Rules</p>
                </p>  
                <p>Allowed value is only YES</p>                         
</desc>
</t>
<t>
<field>UPD.CHILD.LINK</field>
<desc>
<p>Field to determine whether child link files SC.CHILD.ORDER.LINK and SC.CHILD.TRADE.LINK are to be updated</p>
                <p>
                <p>Validation Rules</p>
                </p>  
                <p>Allowed values is YES and cannot be changed once authorised.</p>                         
</desc>
</t>
<t>
<field>BULKLOG.PURGE.DAYS</field>
<desc>
<p>Number of days to hold the purging of SC.BULK.EXCEPTION.LOG. Record having value date prior to date calculated from current date will be purged</p>
                <p>
                <p>Validation Rules</p>
                </p>  
 </desc>
</t>
<t><field>CHG.DB.TRANS.CODE</field><desc><p>Help Text for this field is unavailable.  Please refer to the T24 User Guides for further information.</p></desc></t><t><field>CONTRA.REVERSAL</field><desc><p>Help Text for this field is unavailable.  Please refer to the T24 User Guides for further information.</p></desc></t><t><field>TRANS.SORT.RTN</field><desc><p>Help Text for this field is unavailable.  Please refer to the T24 User Guides for further information.</p></desc></t></menu>
</t24help>
