<?xml version="1.0" encoding="utf-8"?>
<t24help>
<header>
<product>SC</product>
<table>SC.TRANS.TYPE</table>
</header>
<overview>
<ovdesc>

            <p>This table is user defined and particular to the Securities' Module only. </p>
            <p>It allows the user to set up his own codes for each and every transaction within the Securities Module.  The ID for each of these transactions is a 1-3 alpha/numeric code which the user sets up when implementing the system initially.  Examples of these codes are:-"SPS" for all security Buy/Sell type transactions;" DIV" for all Dividend payments etc. </p>
            <p>This table is linked to two other tables within the Securities area:- </p>
            <p>SC.TRANS.NAME and Transaction (Which is a table type file in common with all other T24 Modules. </p>
            <p>The SC.TRANS.TYPE file takes the transaction name and links it to both a Securities Credit or Debit Indicator and then specifies whether or not that Entry is a financial Credit or Debit (by using a valid transaction code.) </p>
            <p>The purpose of these tables is to enable the system to identify the type of transaction being entered and how to post entries.  An extra feature is that it allows the user to define and manipulate his own transaction codes. </p>
        </ovdesc>
<ovimage></ovimage>
</overview>
<menu>
<t>
<field>SECURITY.CR.CODE</field>
<desc>
            <p>The user is now specifying which code opened within the SC.TRANS.NAME file is a Security Credit type transaction. </p>
            <p>
                <p>Validation Rules:</p>
            </p>
            <p>3 to 15 type SS (uppercase alpha or numeric, first character must be alpha) characters. (Mandatory input which must exist as a valid code on the SC.TRANS.NAME file.)</p>
        </desc>
</t>
<t>
<field>SECURITY.DR.CODE</field>
<desc>
            <p>The user is now specifying which code opened within the SC.TRANS.NAME file is a Security Debit type transaction. </p>
            <p>
                <p>Validation Rules:</p>
            </p>
            <p>3 to 15 type SS (uppercase alpha or numeric, first character must be alpha) characters. (Mandatory input which must exist as a valid code on the SC.TRANS.NAME file.)</p>
        </desc>
</t>
<t>
<field>PRODUCT.CAT.DR.BD</field>
<desc>
            <p />
            <p />
            <p />
        </desc>
</t>
<t>
<field>PRODUCT.CAT.CR.SH</field>
<desc>
            <p />
            <p />
            <p />
        </desc>
</t>
<t>
<field>PRODUCT.CAT.DR.SH</field>
<desc>
            <p />
            <p />
            <p />
        </desc>
</t>
<t>
<field>TYPE.OF.TRANS</field>
<desc>
            <p>Unique reference which identifies the SC.TRANS.TYPE. </p>
            <p>A user defined code for each and every transaction within the Securities Module which are linked to two additional table type files.             (i) SC.TRANS.NAME.            (ii) Transactions. </p>
            <p>Together they enable the system to process all sorts of transactions correctly. </p>
            <p>A Securities Trade for example would contain two SC.TRANS.NAME Codes linked within the SC.TRANS.TYPE file.  A purchase for the client would be "SPR" and a Sale by the Broker "SSL".  As mentioned these would be linked within the SC.TRANS.TYPE file under an ID of say"SPS" and it is at this stage that the user would specify which of these codes was a securities Credit type transaction and what financial entry was to be entered against that code. </p>
            <p>Examples:  A Securities' Trade would be given an SC.TRANS.TYPE            ID of "SPS". </p>
            <p>
                <p>Validation Rules:</p>
            </p>
            <p>1-3 type S (uppercase alpha or numeric) characters. (Mandatory input.)</p>
        </desc>
</t>
<t>
<field>FIN.CR.TRA.CODE</field>
<desc>
            <p>The user is now specifying which financial credit code opened within the Transaction Table is to be linked to the Security Debit code entered in field 1. </p>
            <p>
                <p>Validation Rules:</p>
            </p>
            <p>1 to 3 numeric character transaction code. (Mandatory input which must exist as a valid code on the Transaction Table.)</p>
        </desc>
</t>
<t>
<field>FIN.DR.TRA.CODE</field>
<desc>
            <p>The user is now specifying which financial Debit code opened within the Transaction Table is to be linked to the Security Credit code entered in field 3. </p>
            <p>
                <p>Validation Rules:</p>
            </p>
            <p>1 to 3 numeric character transaction code. (Mandatory input which must exist as a valid code on the Transaction Table.)</p>
        </desc>
</t>
<t>
<field>PRODUCT.CAT.CR.BD</field>
<desc>
            <p />
            <p />
            <p />
        </desc>
</t>
</menu>
</t24help>

